,Team,Conference,AdjTempo,AdjTempo.Rank,AdjOE,AdjOE.Rank,Off-eFG%,Off-eFG%.Rank,Off-TO%,Off-TO%.Rank,Off-OR%,Off-OR%.Rank,Off-FTRate,Off-FTRate.Rank,AdjDE,AdjDE.Rank,Def-eFG%,Def-eFG%.Rank,Def-TO%,Def-TO%.Rank,Def-OR%,Def-OR%.Rank,Def-FTRate,Def-FTRate.Rank
0,Gonzaga,WCC,72.5,4,121.8,1,59.4,2,15.9,38,29.0,149,29.8,186,88.9,7,43.2,1,16.9,268,23.0,21,22.2,16
1,Iowa,B10,69.6,52,121.6,2,53.6,33,12.9,3,32.2,55,30.4,173,98.0,78,49.8,170,19.3,119,30.2,262,26.2,72
2,Purdue,B10,65.7,248,121.3,3,57.0,4,17.3,103,35.2,13,36.3,40,98.9,99,49.6,162,14.2,346,23.6,30,21.4,9
3,Kentucky,SEC,67.3,155,120.2,4,53.3,43,16.6,59,37.8,4,27.2,271,93.5,25,46.6,37,17.4,233,24.8,57,25.1,53
4,Arizona,P12,72.2,8,119.6,5,55.9,10,18.0,142,34.5,16,35.1,57,92.4,20,44.4,9,17.7,223,28.3,191,22.8,20
5,Kansas,B12,69.1,68,119.4,6,54.1,27,17.8,128,33.4,35,32.8,100,93.8,28,46.9,45,18.4,166,28.7,209,27.8,104
6,Duke,ACC,67.4,150,119.3,7,55.6,15,14.9,17,31.8,63,28.6,232,95.6,44,47.0,47,16.1,303,28.8,210,18.9,2
7,Villanova,BE,62.5,345,117.9,8,52.0,93,15.5,30,30.9,84,30.5,167,93.9,29,47.5,65,18.8,148,28.0,172,25.1,52
8,Baylor,B12,67.2,169,117.9,9,52.9,54,18.2,160,36.3,7,28.5,235,91.4,14,47.8,79,22.9,16,28.4,199,26.9,89
9,Houston,Amer,63.8,333,117.3,10,53.6,34,17.1,91,37.8,3,28.7,229,90.8,11,43.5,3,21.7,30,27.3,141,35.1,290
10,Davidson,A10,64.6,304,116.8,11,55.6,14,14.8,15,23.6,307,32.9,97,101.8,147,49.4,149,16.9,269,22.2,8,28.0,113
11,South Dakota St.,Sum,69.4,59,116.7,12,59.7,1,15.3,24,24.0,299,35.2,55,105.3,223,51.5,247,15.8,311,24.2,45,21.3,8
12,Ohio St.,B10,65.0,287,116.7,13,54.8,20,16.6,60,28.8,153,33.5,84,100.8,130,47.9,81,15.3,331,28.6,207,29.2,155
13,UCLA,P12,65.5,258,116.1,14,50.6,146,13.4,5,32.0,58,29.8,187,91.2,12,47.7,74,19.8,92,24.8,54,29.2,153
14,Alabama,SEC,71.7,11,116.1,15,51.5,108,19.8,270,35.5,12,33.6,80,98.7,95,49.4,151,17.7,221,30.7,279,35.2,291
15,Syracuse,ACC,67.4,145,115.1,16,52.5,70,15.4,26,29.5,131,28.3,245,104.5,210,50.6,210,16.7,278,32.1,328,23.5,31
16,Miami FL,ACC,67.3,160,114.7,17,54.2,26,14.2,8,23.4,310,28.8,225,102.1,155,53.5,319,20.4,69,30.3,267,24.6,46
17,Virginia Tech,ACC,62.9,344,114.3,18,55.2,19,17.0,80,28.1,172,23.7,334,96.3,54,48.7,116,18.8,146,26.1,91,25.2,55
18,Michigan,B10,66.3,218,114.2,19,52.3,75,17.1,89,31.2,77,28.9,222,98.5,90,50.3,189,15.0,335,23.8,35,26.6,83
19,Colorado St.,MWC,65.0,280,114.0,20,55.2,18,15.2,22,21.8,340,30.4,170,98.4,86,49.8,174,18.4,170,25.0,60,25.0,50
20,Furman,SC,64.7,297,113.9,21,55.6,13,15.7,35,27.4,191,23.3,339,103.0,174,51.5,249,19.1,129,28.2,186,24.6,45
21,Connecticut,BE,64.9,292,113.9,22,49.6,194,17.4,110,37.9,2,30.6,162,94.6,36,45.7,24,18.0,203,27.5,148,31.9,229
22,Illinois,B10,67.1,177,113.7,23,53.1,47,17.7,123,33.4,34,31.7,130,94.1,32,46.3,31,15.6,324,25.8,75,28.4,127
23,Auburn,SEC,70.0,40,113.6,24,50.4,154,16.7,65,33.1,42,31.6,133,89.1,8,44.1,7,20.7,52,29.4,230,34.8,289
24,Missouri St.,MVC,67.0,179,113.5,25,54.6,22,15.5,29,25.8,257,27.7,260,101.8,146,48.8,119,15.7,318,24.0,38,28.0,111
25,North Carolina,ACC,70.1,38,113.0,26,52.1,83,16.5,55,30.4,103,29.6,199,97.0,63,49.8,171,14.1,347,20.8,2,21.5,10
26,UAB,CUSA,68.8,80,112.4,27,52.9,53,16.3,48,33.4,36,29.5,208,98.5,88,47.9,82,21.4,33,27.4,145,31.5,217
27,Princeton,Ivy,66.8,193,112.4,28,56.7,5,14.5,10,24.8,286,21.3,355,106.5,249,51.3,237,15.5,326,23.5,28,21.7,13
28,Santa Clara,WCC,70.7,24,112.2,29,54.5,23,16.2,43,23.4,311,27.6,264,101.0,134,48.5,112,16.5,289,26.2,95,21.2,7
29,Notre Dame,ACC,65.7,251,112.0,30,54.0,28,15.5,28,22.1,334,27.6,262,98.3,83,49.1,130,15.0,336,24.1,39,22.9,22
30,Massachusetts,A10,68.9,73,112.0,31,51.3,116,16.6,58,29.3,137,32.8,101,113.3,344,55.2,348,18.0,199,29.7,242,29.3,156
31,Providence,BE,65.2,273,111.9,32,50.3,163,17.3,106,30.5,99,38.5,12,98.1,80,46.7,40,15.8,314,28.0,173,26.3,76
32,Texas,B12,63.1,341,111.8,33,50.0,174,18.2,158,31.9,59,32.3,113,91.3,13,46.6,38,23.3,14,29.9,253,36.8,316
33,Wake Forest,ACC,70.0,41,111.6,34,56.2,8,18.8,212,27.1,209,32.0,123,96.6,57,47.5,66,17.5,230,26.2,94,28.6,134
34,Murray St.,OVC,65.8,246,111.4,35,52.9,52,17.1,92,35.5,11,31.1,150,95.1,40,48.0,84,21.0,38,25.4,67,24.6,44
35,Tennessee,SEC,67.1,172,111.4,36,50.3,160,18.0,137,32.8,45,29.6,202,86.1,3,46.2,28,22.9,15,27.5,152,31.6,219
36,Florida,SEC,64.8,294,111.3,37,49.9,180,18.5,188,31.7,66,34.7,60,98.0,79,49.2,137,21.6,31,32.5,333,30.1,176
37,Michigan St.,B10,67.5,141,111.3,38,52.0,89,19.2,235,30.7,91,30.4,171,96.3,53,47.5,63,15.3,329,27.0,119,28.3,124
38,Toledo,MAC,68.7,84,111.2,39,53.5,39,14.8,14,30.5,101,28.7,228,101.9,151,46.9,46,15.4,328,27.4,143,23.5,27
39,Arkansas,SEC,70.6,28,111.0,40,49.2,219,17.4,112,30.9,85,37.9,23,92.0,16,47.5,64,20.6,56,25.8,73,32.3,237
42,Oklahoma,B12,65.0,286,110.9,41,54.7,21,22.0,345,25.7,260,27.9,255,94.4,35,49.1,131,20.4,64,26.4,104,26.5,81
43,VMI,SC,68.4,99,110.8,42,55.5,17,16.6,61,22.6,321,25.6,302,110.3,306,51.0,222,14.1,349,29.8,245,24.8,48
44,Loyola Chicago,MVC,64.6,309,110.8,43,56.3,7,18.3,175,25.1,278,31.9,125,93.2,23,47.0,48,19.9,87,23.9,36,28.4,125
45,Vermont,AE,64.9,289,110.7,44,57.3,3,14.9,16,23.9,301,26.6,281,97.7,73,47.7,70,17.2,249,18.7,1,22.6,17
46,San Francisco,WCC,68.7,85,110.7,45,53.1,48,18.1,155,30.2,106,28.4,236,92.5,21,46.9,41,18.5,159,23.8,33,32.2,235
47,USC,P12,66.0,237,110.5,46,51.1,125,17.7,124,33.8,25,30.9,155,96.0,49,44.7,10,14.7,338,27.2,134,26.3,79
48,Wisconsin,B10,66.4,208,110.4,47,48.2,260,12.7,2,25.9,251,32.3,112,94.8,37,49.4,147,16.9,273,24.1,41,27.6,102
49,Memphis,Amer,70.3,34,110.4,48,52.6,65,22.9,352,37.5,5,38.4,16,94.1,33,46.5,35,20.9,44,31.0,288,32.9,250
50,Xavier,BE,68.3,105,110.3,49,50.2,166,16.5,56,29.3,143,35.7,51,97.9,77,48.4,106,18.3,174,26.1,86,25.5,59
51,Northern Iowa,MVC,67.0,178,110.2,50,52.6,63,16.3,45,21.2,345,34.3,68,101.9,150,53.8,331,18.2,184,21.4,3,23.1,25
52,Oregon,P12,68.0,114,110.2,51,51.4,110,17.1,90,29.6,127,29.8,189,99.2,105,49.6,158,19.3,117,30.7,280,29.0,145
53,BYU,WCC,67.7,127,110.2,52,51.2,120,18.6,200,30.9,86,28.1,252,96.5,55,47.8,78,15.2,333,22.5,13,30.5,187
54,St. John's,BE,73.4,1,110.2,53,50.8,137,15.9,39,30.7,92,26.1,294,97.4,71,48.9,126,21.3,34,31.5,308,33.2,255
55,Utah St.,MWC,66.6,198,110.1,54,54.2,24,18.4,178,25.9,250,28.9,224,97.0,64,49.6,163,18.3,179,22.8,18,29.0,148
56,SMU,Amer,68.0,115,110.0,55,52.1,80,17.7,121,27.8,183,35.9,47,96.6,58,44.8,11,17.1,255,30.2,265,25.3,56
57,Mississippi St.,SEC,65.4,263,110.0,56,49.5,203,19.5,252,34.4,17,38.4,17,96.0,48,49.6,156,19.5,105,26.0,83,28.1,115
58,Towson,CAA,64.4,316,110.0,57,52.0,92,18.0,140,36.1,8,34.2,69,99.5,111,47.7,72,19.3,122,26.5,108,31.2,206
59,Chattanooga,SC,64.6,301,110.0,58,52.8,58,17.0,84,32.7,48,27.0,273,98.7,94,49.6,157,18.0,196,26.3,98,27.3,97
60,Clemson,ACC,66.1,226,110.0,59,52.4,72,16.4,51,25.8,256,29.8,191,99.5,110,49.7,165,16.9,267,24.1,42,29.1,151
61,Saint Louis,A10,67.7,126,109.9,60,50.8,135,18.8,213,33.8,24,32.8,99,97.5,72,47.7,76,17.8,218,26.9,114,32.9,251
62,Marquette,BE,70.6,25,109.8,61,52.6,66,17.3,102,22.4,330,26.8,277,95.8,45,46.7,39,19.1,132,31.4,306,29.7,168
63,Saint Mary's,WCC,63.5,338,109.7,62,52.6,64,17.0,85,27.2,204,23.2,341,90.1,9,48.3,103,19.5,107,21.9,4,24.4,42
64,Oral Roberts,Sum,70.2,36,109.7,63,53.9,30,13.3,4,26.6,230,23.0,344,109.0,286,51.1,228,12.7,357,24.7,51,24.8,49
65,Texas Tech,B12,66.4,211,109.7,64,52.4,73,20.3,294,33.2,39,36.1,45,84.9,1,45.5,22,23.6,10,26.1,90,32.1,232
66,Wyoming,MWC,66.0,239,109.6,65,52.3,75,17.0,86,25.5,265,37.1,33,97.1,66,47.1,51,15.7,321,24.6,50,24.8,47
67,Maryland,B10,66.5,205,109.6,66,49.4,210,16.9,75,27.3,199,33.9,73,99.4,107,50.2,185,16.0,304,27.6,157,24.6,43
68,Kansas St.,B12,66.5,206,109.4,67,49.4,209,16.9,70,25.2,275,29.6,203,97.3,69,49.5,154,19.8,91,28.3,188,32.0,230
69,N.C. State,ACC,66.9,191,109.2,68,48.0,267,14.5,11,30.2,108,29.1,217,106.5,250,53.5,318,18.3,175,31.1,296,29.4,164
70,Richmond,A10,66.8,192,109.1,69,51.5,105,14.4,9,22.4,327,30.9,156,99.2,104,50.5,199,19.1,133,27.2,129,23.5,29
71,Dayton,A10,63.0,342,109.0,70,54.0,29,19.4,243,30.6,93,31.3,139,95.6,43,47.3,56,17.4,231,23.3,25,24.1,36
72,Texas A&M,SEC,66.6,199,108.9,71,49.7,190,19.3,236,33.7,28,35.8,48,94.8,39,47.8,77,23.9,8,33.5,344,33.8,264
73,St. Bonaventure,A10,65.6,255,108.8,72,50.4,153,15.8,37,27.3,200,26.5,285,98.6,91,50.0,181,19.2,125,27.2,132,22.9,24
74,Tulane,Amer,67.8,122,108.8,73,51.2,119,15.0,19,20.1,350,33.4,90,101.2,139,49.6,161,20.3,70,32.8,336,28.5,129
75,Belmont,OVC,68.8,79,108.8,74,55.7,12,16.8,67,24.4,295,25.9,299,99.1,102,49.4,152,20.9,43,27.8,164,23.5,28
76,Hofstra,CAA,68.9,74,108.7,75,53.4,41,14.7,12,23.3,314,21.7,352,105.3,221,54.4,337,20.4,66,26.9,116,26.3,77
77,Seton Hall,BE,67.2,164,108.4,76,47.6,281,17.5,116,32.7,47,30.8,158,93.5,27,45.4,17,18.5,161,29.1,225,27.8,106
78,Boise St.,MWC,64.6,306,108.4,77,51.1,122,18.5,191,30.6,95,35.2,54,92.2,19,48.2,95,20.1,82,21.9,5,25.8,63
79,TCU,B12,65.8,244,108.3,78,48.9,230,21.6,336,38.0,1,31.2,142,93.3,24,47.7,73,18.4,169,26.1,84,26.7,85
80,Colgate,Pat,67.2,162,108.3,79,55.9,11,16.9,73,26.6,231,26.7,280,104.0,203,49.0,128,16.2,299,24.8,56,24.3,40
81,Drake,MVC,66.0,234,108.2,80,50.6,145,15.8,36,30.5,100,28.4,237,98.6,92,49.3,143,19.7,98,25.9,81,33.3,257
84,Bellarmine,ASun,61.9,353,108.2,81,53.3,42,15.0,18,22.4,328,22.1,348,110.6,315,54.4,338,17.7,224,30.5,273,30.2,179
85,West Virginia,B12,67.9,120,108.1,82,46.8,303,18.1,156,29.9,119,36.1,43,96.9,62,50.6,206,22.5,21,33.7,346,34.1,274
86,East Tennessee St.,SC,65.2,270,107.9,83,51.8,100,17.0,78,30.6,94,21.7,354,109.1,288,53.1,308,16.6,286,31.1,295,26.1,69
87,UNLV,MWC,66.1,224,107.9,84,49.1,223,17.0,77,27.1,208,30.7,160,98.6,93,48.4,109,17.2,250,25.9,77,30.8,196
88,Northern Colorado,BSky,69.5,53,107.8,85,56.0,9,16.9,71,21.3,344,31.6,135,111.4,325,52.9,300,14.4,344,24.5,48,31.3,211
89,New Mexico St.,WAC,66.1,223,107.8,86,52.2,79,20.7,313,33.2,41,35.4,53,97.8,74,45.5,20,16.9,266,26.3,102,27.8,105
90,Utah,P12,66.0,231,107.6,87,48.4,250,18.1,153,29.3,141,30.0,183,103.6,192,49.4,148,15.2,332,29.2,226,28.6,132
91,Iona,MAAC,68.9,75,107.6,88,50.7,138,17.8,127,31.6,68,37.6,27,99.4,109,46.4,33,19.0,139,29.4,232,34.1,272
92,LSU,SEC,68.6,92,107.6,89,49.5,201,20.5,304,33.8,26,33.0,96,88.5,4,45.1,15,25.3,2,31.2,297,38.4,332
93,Washington St.,P12,66.1,229,107.6,90,48.3,259,16.7,64,33.2,40,29.6,204,93.9,30,47.0,49,20.9,45,29.7,241,30.9,198
94,Indiana,B10,66.9,187,107.5,91,51.0,127,17.2,97,27.4,194,33.5,83,92.2,18,45.8,25,17.8,215,25.1,64,30.9,197
95,Minnesota,B10,65.0,285,107.2,92,50.7,139,14.0,6,17.7,356,23.6,337,101.9,148,51.2,233,15.8,313,27.6,154,23.3,26
96,Buffalo,MAC,70.9,20,107.2,93,51.6,102,18.6,197,37.0,6,25.6,304,103.6,191,48.2,92,15.8,310,27.9,167,29.4,161
97,Vanderbilt,SEC,67.8,123,107.2,94,50.3,159,19.2,231,27.5,188,39.2,8,94.8,38,48.2,97,20.9,40,28.3,187,34.6,284
98,St. Thomas,Sum,65.1,274,107.0,95,52.0,84,12.6,1,20.7,347,23.7,335,119.1,357,58.9,358,16.1,300,27.2,128,32.5,241
99,DePaul,BE,68.6,91,107.0,96,48.8,239,17.4,108,31.7,65,33.4,86,100.3,121,48.8,120,16.8,276,28.5,203,26.0,65
100,Virginia,ACC,59.2,357,107.0,97,49.7,191,16.3,49,28.3,167,28.1,251,97.1,67,48.8,122,18.3,176,29.0,222,23.5,30
101,Nevada,MWC,70.1,39,106.9,98,50.6,142,18.4,183,24.5,292,32.0,124,101.9,149,52.4,280,18.3,172,26.1,85,29.7,167
102,New Mexico,MWC,70.9,21,106.9,99,49.4,207,16.1,42,24.0,298,32.8,102,105.8,236,52.0,267,18.0,201,29.0,221,35.5,297
103,Colorado,P12,67.2,163,106.9,100,50.4,155,19.7,266,30.0,116,34.6,62,96.0,47,48.1,86,17.5,228,24.4,46,27.0,92
104,Delaware,CAA,66.6,200,106.8,101,53.5,36,18.4,179,26.8,219,34.6,63,104.5,211,49.3,141,18.5,162,31.2,298,29.3,157
105,Georgia,SEC,68.5,95,106.8,102,50.2,168,20.7,312,25.8,255,39.0,10,110.8,319,54.6,339,15.7,319,30.1,258,24.1,37
106,Western Kentucky,CUSA,68.5,97,106.8,103,52.7,62,17.6,119,25.1,279,31.2,143,101.9,152,50.6,208,19.8,90,30.4,271,16.4,1
107,Northwestern,B10,67.6,134,106.7,104,49.0,225,14.1,7,25.7,259,25.1,313,97.2,68,50.8,214,19.3,114,25.3,66,34.8,288
108,Wofford,SC,64.1,324,106.6,105,53.9,31,17.7,122,26.9,217,28.2,246,101.5,145,53.8,330,19.7,95,22.2,9,28.6,131
109,UCF,Amer,67.3,159,106.5,106,49.9,182,19.1,225,30.8,87,28.5,233,100.6,126,48.7,117,20.7,54,30.8,283,29.8,169
110,Wright St.,Horz,68.4,98,106.5,107,52.0,85,17.9,132,31.3,75,31.1,148,107.1,261,51.3,238,18.5,160,30.0,254,26.1,66
111,Rutgers,B10,64.9,290,106.4,108,49.5,200,17.3,105,29.4,133,26.9,274,95.5,42,48.3,99,18.1,195,27.0,118,28.8,139
112,Florida Atlantic,CUSA,67.2,168,106.2,109,53.5,40,19.8,269,31.2,76,29.5,206,102.3,163,50.4,193,19.2,124,25.9,80,32.2,233
113,Longwood,BSth,66.0,236,106.2,110,51.5,104,18.6,194,34.1,19,35.7,50,103.5,187,50.6,207,20.2,78,24.5,47,26.8,86
114,Penn,Ivy,67.5,139,106.2,111,51.3,117,17.0,81,25.4,271,24.1,330,109.6,297,52.1,270,15.3,330,28.0,176,28.8,141
115,Rice,CUSA,67.5,144,106.2,112,53.0,50,18.3,171,25.7,261,32.0,121,110.5,311,51.1,229,14.3,345,28.1,178,21.0,5
116,Akron,MAC,62.0,351,106.1,113,52.8,57,17.8,129,29.0,147,40.1,5,102.6,166,49.3,144,17.6,226,26.2,96,26.3,74
117,Loyola Marymount,WCC,65.8,247,106.1,114,51.9,95,19.2,230,24.4,294,31.1,146,108.5,278,54.7,342,18.1,193,27.3,140,31.9,227
118,Southern Utah,BSky,68.4,100,106.1,115,52.1,82,17.1,88,28.0,175,34.7,61,106.3,248,51.8,259,17.7,222,22.7,17,28.0,110
119,Winthrop,BSth,68.2,107,106.0,116,56.4,6,21.2,323,25.3,273,37.5,28,105.4,226,51.0,225,19.3,120,27.5,147,33.5,260
120,Texas St.,SB,63.7,336,106.0,117,51.0,128,18.8,209,30.8,88,32.9,98,102.7,169,50.7,213,22.0,26,29.3,229,34.4,280
121,George Mason,A10,64.7,298,106.0,118,53.0,51,18.0,139,24.9,284,29.1,214,101.2,137,49.6,160,17.2,247,23.9,37,29.6,165
122,Louisiana Tech,CUSA,68.4,102,105.9,119,51.9,96,16.9,69,26.0,248,31.2,145,98.5,89,48.2,96,19.3,115,28.2,185,28.1,117
123,Nebraska,B10,71.0,19,105.9,120,50.3,156,17.1,93,20.7,348,33.3,91,102.9,172,51.5,248,18.3,180,31.4,305,29.4,163
126,Mississippi,SEC,65.1,278,105.9,121,49.6,198,18.0,145,26.7,226,28.7,230,99.8,116,51.4,240,19.4,112,26.6,110,28.0,112
127,Mercer,SC,64.6,307,105.8,122,53.0,49,18.3,174,24.7,289,29.4,211,107.5,268,53.0,304,15.9,309,27.0,122,28.6,132
128,Boston University,Pat,65.1,279,105.7,123,52.4,74,18.4,177,31.1,79,28.9,223,109.1,287,50.4,197,16.8,277,24.2,44,29.1,150
129,Detroit Mercy,Horz,64.6,303,105.6,124,52.6,67,18.1,154,28.0,176,23.0,343,110.5,313,54.0,333,19.1,131,29.5,235,31.0,201
130,Oregon St.,P12,66.5,207,105.6,125,49.2,221,18.2,162,26.2,241,27.6,265,110.8,318,55.0,347,17.5,229,34.0,348,29.1,149
131,Creighton,BE,66.9,190,105.5,126,50.9,131,20.5,305,28.6,162,26.0,297,92.1,17,44.9,13,15.5,327,28.4,198,20.3,4
132,Middle Tennessee,CUSA,67.4,146,105.5,127,50.9,130,19.4,245,30.3,105,32.6,106,98.4,85,47.7,75,20.8,48,29.3,227,35.9,302
133,UC Santa Barbara,BW,65.5,261,105.5,128,53.5,35,19.3,238,28.4,165,37.2,32,102.0,153,48.1,89,19.5,108,27.2,127,30.4,185
134,Stanford,P12,65.7,254,105.5,129,49.8,184,22.3,349,33.8,27,29.9,184,99.1,100,51.4,241,16.4,295,22.9,20,29.0,146
135,Penn St.,B10,61.9,354,105.3,130,50.5,148,18.6,196,28.5,164,21.8,351,95.9,46,48.3,101,13.7,354,24.1,40,26.2,73
136,North Texas,CUSA,59.0,358,105.3,131,51.3,114,18.6,199,31.4,74,38.0,20,91.9,15,45.9,26,19.8,89,25.1,65,32.6,244
137,Jacksonville St.,ASun,65.1,276,105.3,132,54.2,25,20.0,282,28.3,166,32.2,117,103.0,177,48.0,85,17.1,258,26.3,99,21.1,6
138,Illinois St.,MVC,67.9,119,105.3,133,51.8,99,19.6,257,28.6,161,31.3,140,106.6,251,50.9,220,17.4,236,29.8,246,31.9,228
139,Samford,SC,68.9,72,105.2,134,52.0,91,19.4,242,29.9,123,29.1,218,106.2,246,52.3,277,17.8,217,28.9,217,32.1,231
140,Liberty,ASun,65.2,271,105.1,135,55.5,16,18.0,141,22.2,333,28.4,241,101.3,143,48.3,102,17.1,259,22.8,19,31.4,212
141,Bradley,MVC,67.1,173,105.0,136,51.1,124,19.9,278,31.9,62,27.3,268,96.7,61,46.9,44,18.2,186,23.3,26,30.2,181
142,Florida St.,ACC,67.7,128,104.9,137,49.0,227,18.1,149,31.6,67,30.3,175,99.6,113,52.2,274,20.9,42,31.0,290,30.4,184
143,Fresno St.,MWC,60.8,356,104.9,138,50.1,172,18.0,138,27.4,196,30.7,159,93.5,26,47.9,80,19.4,111,22.5,12,27.2,94
144,Charlotte,CUSA,65.3,266,104.9,139,52.9,56,17.2,100,22.7,319,28.0,254,107.5,267,52.6,287,16.9,265,25.6,69,26.5,80
145,Georgetown,BE,69.9,43,104.9,140,46.2,322,18.8,210,32.3,53,29.0,219,105.5,228,53.6,325,18.0,200,29.9,249,27.6,101
146,Grand Canyon,WAC,65.3,265,104.8,141,49.9,183,19.2,234,34.9,14,31.0,152,96.5,56,43.5,2,18.6,156,28.4,192,33.0,252
147,South Dakota,Sum,65.5,257,104.8,142,52.0,87,15.2,21,26.7,226,34.1,70,107.3,263,52.7,291,15.6,325,22.4,11,34.2,277
148,Kennesaw St.,ASun,66.1,228,104.8,143,51.8,97,17.4,114,28.7,154,29.7,193,109.1,289,53.1,306,18.2,189,27.9,171,35.3,294
149,Cal St. Fullerton,BW,66.0,238,104.6,144,49.2,217,18.1,152,29.0,148,35.7,49,102.6,165,50.8,216,20.2,76,28.0,174,26.1,67
150,Charleston,CAA,73.4,2,104.6,145,50.3,157,20.9,320,35.6,10,30.4,169,103.0,175,51.2,234,19.1,134,25.0,62,37.6,326
151,Ohio,MAC,67.3,152,104.5,146,50.8,136,15.4,25,26.9,218,30.5,164,100.6,127,49.7,166,20.6,59,25.8,72,27.9,108
152,Cincinnati,Amer,67.4,147,104.5,147,46.9,301,15.2,23,30.1,110,29.6,198,97.4,70,45.0,14,17.9,206,29.6,240,34.5,282
153,Southeast Missouri St.,OVC,71.7,14,104.4,148,51.6,103,17.8,130,25.5,264,36.7,38,110.6,314,52.5,283,18.2,185,28.9,216,39.7,340
154,Drexel,CAA,66.3,217,104.4,149,52.0,86,16.4,52,25.6,262,25.4,309,103.5,188,50.4,198,16.2,298,26.1,88,26.1,68
155,Montana St.,BSky,67.3,157,104.4,150,53.8,32,18.5,185,26.7,223,40.3,4,100.7,129,48.3,98,18.2,182,23.3,24,36.0,303
156,Iowa St.,B12,66.0,232,104.4,151,49.9,181,20.4,300,28.2,168,28.1,249,90.4,10,48.4,108,24.6,6,28.5,204,36.3,307
157,Washington,P12,69.4,60,104.3,152,46.4,316,16.7,66,29.3,138,34.7,59,98.8,96,49.9,179,22.1,25,35.5,355,30.2,178
158,Florida Gulf Coast,ASun,69.7,50,104.3,153,52.9,55,18.9,219,30.2,107,29.6,201,107.4,266,50.4,192,15.8,315,27.2,133,24.2,39
159,Bryant,NEC,72.2,7,104.2,154,49.7,187,19.1,228,33.0,43,32.7,103,105.1,218,47.4,61,16.4,293,31.5,309,24.4,41
160,Wichita St.,Amer,66.8,196,104.2,155,46.7,306,18.7,202,32.3,54,31.7,129,96.1,50,47.3,57,20.1,80,28.3,189,30.4,182
161,Stony Brook,AE,68.1,111,104.1,156,50.3,158,15.6,31,27.4,197,27.7,261,111.1,324,52.6,286,17.4,232,29.6,239,23.8,34
162,Missouri,SEC,65.5,260,104.1,157,47.1,296,21.6,339,31.4,73,29.9,185,101.0,136,50.8,218,17.9,207,29.6,238,35.6,299
163,Boston College,ACC,64.8,295,104.0,158,47.8,272,17.9,135,30.0,112,29.6,200,100.5,124,51.5,251,18.7,153,25.7,71,31.5,218
164,Eastern Washington,BSky,69.3,62,104.0,159,52.7,61,18.3,170,25.4,270,33.2,92,107.9,275,50.3,188,15.7,320,25.9,78,30.9,199
165,UMBC,AE,68.2,108,104.0,160,52.6,68,16.2,44,21.9,337,31.1,149,110.1,303,52.8,293,16.6,285,28.8,214,19.7,3
168,San Diego St.,MWC,65.3,268,103.9,161,48.8,238,19.3,237,29.6,126,31.3,141,86.1,2,44.0,4,21.7,29,27.0,123,30.6,189
169,Miami OH,MAC,67.6,132,103.8,162,50.3,161,15.0,20,26.0,249,23.7,336,111.7,330,53.5,323,18.0,202,30.2,264,30.4,183
170,Morehead St.,OVC,64.6,300,103.8,163,52.4,71,20.4,297,30.7,90,29.0,220,99.2,106,46.5,36,17.3,237,29.5,237,23.7,32
171,Tulsa,Amer,66.4,215,103.8,164,49.6,196,19.0,223,26.7,224,31.0,151,104.0,202,52.2,272,20.1,83,30.1,259,29.0,147
172,South Alabama,SB,66.4,212,103.7,165,51.7,101,19.4,246,26.7,226,31.0,153,101.2,138,47.3,58,20.8,49,31.6,312,30.7,192
173,Long Beach St.,BW,70.6,27,103.7,166,49.2,220,18.2,161,27.4,195,37.0,34,102.2,159,51.6,256,20.0,85,27.0,120,27.9,109
174,Weber St.,BSky,69.4,57,103.6,167,53.5,37,16.3,47,20.0,352,37.8,25,104.0,201,52.3,276,20.2,74,25.0,60,26.9,88
175,Cleveland St.,Horz,67.7,125,103.6,168,53.2,46,19.6,261,33.9,21,36.1,46,105.5,230,49.4,146,21.9,27,31.8,319,34.2,279
176,Oklahoma St.,B12,67.5,137,103.6,169,48.0,265,21.4,331,32.3,52,33.0,95,88.5,5,45.7,23,22.8,17,31.4,304,31.2,207
177,Cornell,Ivy,71.6,16,103.5,170,53.5,38,19.6,260,26.1,246,32.2,116,105.3,220,51.0,227,18.1,191,28.2,182,31.3,210
178,North Dakota St.,Sum,66.2,219,103.3,171,51.8,98,17.0,79,24.8,287,33.4,85,101.2,140,47.6,68,12.7,358,23.1,22,25.5,57
179,Bowling Green,MAC,72.7,3,103.2,172,48.6,242,16.5,54,29.9,120,31.9,126,113.0,342,53.5,321,17.3,240,30.7,278,30.8,194
180,Oakland,Horz,67.3,153,103.1,173,49.1,222,18.0,146,30.7,89,34.0,71,104.4,208,50.2,186,20.5,63,33.4,340,21.5,11
181,Youngstown St.,Horz,66.1,225,103.1,174,51.3,118,17.2,96,30.1,111,29.7,197,110.9,322,51.1,231,17.2,244,28.4,193,29.7,166
182,New Hampshire,AE,62.2,348,103.1,175,50.9,129,14.8,13,27.9,177,25.4,310,109.6,296,50.4,196,14.0,350,21.9,6,26.7,84
183,Coastal Carolina,SB,66.0,235,103.1,176,49.7,188,20.5,307,33.9,22,32.5,107,102.3,162,46.1,27,17.0,262,29.8,248,26.3,75
184,Portland,WCC,68.8,77,103.0,177,49.6,197,18.3,169,24.0,300,33.4,87,103.5,189,49.8,172,17.2,243,27.2,131,25.7,62
185,Stephen F. Austin,WAC,68.9,76,103.0,178,51.4,112,22.3,350,34.7,15,36.9,36,98.1,81,48.8,118,24.3,7,31.9,324,37.5,324
186,Valparaiso,MVC,64.9,288,103.0,179,51.0,126,16.5,57,20.3,349,26.9,275,105.4,225,52.3,275,16.5,291,24.8,58,22.6,18
187,Southeastern Louisiana,Slnd,70.5,29,103.0,180,52.0,88,19.9,277,25.5,266,39.0,11,112.1,336,53.8,329,19.8,93,33.4,341,27.5,98
188,Utah Valley,WAC,65.7,250,103.0,181,50.6,141,22.1,348,32.0,56,38.1,19,98.4,84,45.4,18,15.6,323,24.5,49,28.3,123
189,Abilene Christian,WAC,69.9,44,102.9,182,47.8,273,17.5,118,27.9,178,38.5,15,99.4,108,51.2,236,28.6,1,31.6,314,48.9,358
190,Southern Illinois,MVC,62.0,352,102.8,183,51.5,107,18.0,147,23.2,317,29.1,215,98.9,97,49.7,167,18.7,152,23.2,23,27.6,103
191,UNC Wilmington,CAA,65.2,269,102.8,184,47.4,286,15.4,27,28.7,156,33.4,89,103.4,186,50.6,203,20.2,75,31.9,323,34.1,270
192,East Carolina,Amer,67.5,140,102.8,185,47.2,291,18.7,205,27.6,185,33.5,82,103.8,196,50.5,200,18.5,158,28.5,200,31.0,202
193,Quinnipiac,MAAC,68.7,88,102.7,186,50.0,174,18.7,204,28.6,160,27.0,272,108.5,279,50.6,202,17.2,246,28.6,206,27.2,96
194,Louisville,ACC,66.9,185,102.6,187,48.8,237,18.0,136,27.3,201,25.1,315,100.0,119,50.4,190,16.3,297,24.8,55,30.0,174
195,James Madison,CAA,68.7,83,102.6,188,51.1,123,17.7,125,25.9,252,30.6,161,107.8,272,53.3,315,20.6,60,31.5,311,27.5,99
196,Butler,BE,63.7,335,102.5,189,47.1,295,18.2,164,27.1,207,30.2,179,98.9,98,49.9,176,17.1,257,27.4,146,30.2,180
197,Norfolk St.,MEAC,66.9,188,102.4,190,51.5,106,20.0,283,30.0,114,39.1,9,102.2,160,45.2,16,18.5,157,27.3,135,33.4,259
198,Monmouth,MAAC,66.0,233,102.3,191,47.5,284,17.3,104,29.4,134,36.9,35,102.0,154,47.3,60,17.8,219,27.9,165,33.6,262
199,Lipscomb,ASun,69.1,70,102.3,192,52.3,77,19.0,222,22.7,320,33.9,74,110.5,310,51.5,246,14.1,348,28.0,175,22.7,19
200,Temple,Amer,66.2,221,102.2,193,45.4,340,18.5,192,32.7,46,39.7,6,97.8,75,45.5,21,17.2,248,29.3,228,31.7,223
201,Wagner,NEC,66.4,214,102.1,194,49.9,178,18.0,144,33.5,32,32.1,118,100.4,122,48.1,90,22.3,23,27.5,149,39.3,338
202,Hawaii,BW,65.0,281,102.0,195,50.4,150,19.7,267,29.1,146,32.5,109,101.5,144,46.9,43,15.9,308,25.1,63,31.7,220
203,UC San Diego,BW,67.7,124,101.9,196,52.0,90,18.9,217,18.6,354,32.7,105,109.6,294,52.7,288,17.2,253,27.6,155,22.0,15
204,Louisiana,SB,69.5,56,101.8,197,48.7,240,21.9,344,33.6,30,35.6,52,102.7,168,46.9,42,18.3,173,27.6,159,35.5,295
205,Ball St.,MAC,69.8,46,101.8,198,51.3,113,19.5,254,26.8,220,38.1,18,109.8,298,52.4,279,17.2,252,28.2,184,32.8,247
206,South Carolina,SEC,70.4,31,101.6,199,47.3,288,21.4,329,33.6,31,29.2,213,94.0,31,47.3,55,21.5,32,32.1,326,41.6,348
207,USC Upstate,BSth,68.5,94,101.6,200,51.4,111,18.7,203,21.8,339,28.4,238,110.1,304,51.2,235,17.9,205,30.8,284,38.0,330
210,Nicholls St.,Slnd,69.6,51,101.5,201,52.5,69,17.3,107,30.2,109,21.9,350,104.6,212,48.5,110,19.7,96,30.8,282,36.3,308
211,Kent St.,MAC,65.8,245,101.4,202,49.7,189,18.7,207,31.1,78,32.5,108,99.5,112,48.5,111,19.6,101,26.6,110,36.0,304
212,Arizona St.,P12,67.2,170,101.4,203,47.1,294,17.3,101,24.9,285,21.2,356,93.2,22,46.3,30,19.6,104,30.3,266,32.3,238
213,Marshall,CUSA,72.2,6,101.4,204,49.4,208,18.1,150,27.3,203,24.3,328,107.1,260,52.0,269,17.8,214,28.1,180,28.3,122
214,Sacred Heart,NEC,67.3,158,101.4,205,50.8,134,19.6,263,30.9,83,24.9,323,115.7,352,53.2,311,15.9,307,31.3,300,25.5,58
215,Georgia St.,SB,67.1,176,101.4,206,45.1,344,16.9,76,32.8,44,30.2,181,99.7,115,49.7,169,22.7,18,30.7,281,32.8,248
216,Western Illinois,Sum,70.4,30,101.4,207,50.2,169,16.1,41,29.3,142,29.4,209,106.9,255,52.7,290,17.3,241,22.6,15,31.8,226
217,UNC Asheville,BSth,66.4,213,101.4,208,49.9,179,18.3,167,26.3,236,38.0,21,105.3,222,49.3,142,19.0,138,33.3,339,27.9,107
218,Eastern Kentucky,ASun,70.8,23,101.4,209,48.4,253,15.6,33,28.7,155,21.7,353,109.3,292,54.6,341,22.3,22,31.8,318,28.1,114
219,Yale,Ivy,68.7,89,101.3,210,50.1,171,18.4,181,25.8,258,32.7,104,99.1,103,48.9,124,18.2,183,26.5,109,31.1,205
220,The Citadel,SC,70.4,33,101.3,211,52.0,94,17.2,99,23.8,303,30.0,182,107.4,265,50.4,191,13.8,351,29.5,236,26.3,78
221,Louisiana Monroe,SB,67.6,130,101.3,212,50.2,165,18.9,221,24.7,288,26.0,295,109.4,293,52.9,297,19.4,110,33.4,342,34.7,286
222,Appalachian St.,SB,64.4,318,101.3,213,48.4,256,16.0,40,26.3,237,27.6,266,101.0,133,49.8,173,17.9,212,26.0,82,21.7,12
223,Hartford,AE,67.1,175,101.2,214,53.3,45,18.1,157,23.8,304,27.6,263,111.4,327,51.6,254,16.5,290,28.4,195,28.9,142
224,Northern Kentucky,Horz,64.1,326,101.2,215,49.5,202,19.9,280,36.0,9,26.6,282,103.1,179,49.5,153,21.1,36,31.0,292,25.0,51
225,Old Dominion,CUSA,64.2,322,101.1,216,46.9,298,18.4,180,32.4,50,34.3,67,102.9,171,49.7,168,17.1,254,27.3,142,29.4,160
226,Sam Houston St.,WAC,64.7,299,101.0,217,48.3,257,18.4,182,30.6,96,25.0,317,98.5,87,48.6,115,20.8,46,26.3,101,34.7,287
227,VCU,A10,68.3,103,100.9,218,51.5,109,21.8,341,26.6,232,30.3,177,88.7,6,44.3,8,24.9,4,32.2,330,37.3,319
228,Campbell,BSth,62.3,346,100.9,219,51.3,115,16.4,50,22.2,332,26.3,289,104.6,213,50.6,204,18.3,178,26.1,89,27.6,100
229,California,P12,63.9,329,100.8,220,46.9,299,17.1,94,25.3,272,25.3,311,98.1,82,47.5,62,14.7,341,23.4,27,31.5,216
230,UTEP,CUSA,66.4,210,100.8,221,49.0,226,17.0,82,22.5,325,28.4,240,100.5,125,49.9,175,20.8,47,30.1,260,38.3,331
231,UC Riverside,BW,65.2,272,100.7,222,50.7,140,18.3,176,22.4,329,26.9,276,100.9,131,47.1,50,16.1,301,22.4,10,28.2,121
232,Marist,MAAC,66.1,230,100.7,223,50.4,151,18.2,166,26.5,233,25.0,320,104.3,207,48.3,105,16.8,274,27.3,137,28.5,128
233,Saint Joseph's,A10,67.8,121,100.5,224,49.7,192,19.6,256,27.0,213,22.9,345,100.0,118,47.7,69,13.7,356,24.1,43,26.9,90
234,Montana,BSky,65.1,275,100.5,225,50.2,164,15.7,34,18.1,355,38.5,14,107.0,256,51.8,260,19.1,136,26.8,113,42.8,350
235,UNC Greensboro,SC,62.1,349,100.4,226,49.8,186,20.3,293,32.3,51,27.2,269,100.7,128,50.4,194,18.7,154,24.9,59,28.5,130
236,Brown,Ivy,67.2,167,100.4,227,49.4,206,19.1,227,28.2,170,31.6,137,103.3,182,51.1,232,19.5,109,28.2,183,33.2,254
237,UMKC,Sum,67.2,161,100.4,228,52.3,78,15.6,32,21.6,341,31.6,134,103.4,185,52.0,265,21.0,37,26.6,112,44.4,354
238,Howard,MEAC,70.3,35,100.4,229,50.4,149,20.7,314,28.0,174,36.2,42,105.7,235,49.4,150,23.5,11,34.5,353,33.9,268
239,Jacksonville,ASun,61.4,355,100.3,230,48.6,244,18.6,201,33.6,29,30.5,165,100.0,120,47.2,52,16.5,292,23.5,29,30.8,195
240,Fairfield,MAAC,64.1,325,100.3,231,49.3,214,16.9,72,27.5,189,26.6,284,104.1,205,48.1,91,17.0,264,27.9,166,31.2,209
241,Manhattan,MAAC,68.5,96,100.2,232,48.3,258,20.5,306,30.0,118,41.4,3,108.8,280,52.2,273,19.9,88,30.9,287,34.7,285
242,Denver,Sum,66.2,220,100.2,233,52.7,60,18.6,195,23.7,306,32.0,122,110.8,321,52.4,281,16.5,288,28.1,179,32.2,236
243,UT Rio Grande Valley,WAC,71.7,15,100.2,234,49.5,204,20.8,316,24.7,290,41.4,2,111.7,331,51.9,263,17.9,208,33.5,343,35.6,300
244,Seattle,WAC,70.4,32,100.1,235,48.4,255,16.3,46,26.0,247,28.8,226,97.0,65,46.4,34,20.5,62,25.6,68,40.5,343
245,Arkansas St.,SB,68.2,109,100.1,236,49.3,211,20.6,311,29.4,135,34.5,66,101.0,135,49.2,134,19.2,126,28.4,197,28.1,119
246,Tennessee Tech,OVC,69.2,64,100.1,237,49.2,218,19.1,226,31.0,82,24.0,331,107.9,274,51.5,244,18.2,190,30.6,276,24.0,35
247,Niagara,MAAC,64.2,321,100.1,238,49.3,215,16.7,63,23.1,318,28.1,250,102.3,161,48.2,93,17.1,256,27.1,124,28.8,138
248,Bucknell,Pat,67.5,136,100.0,239,52.8,59,19.3,240,21.9,338,28.3,242,117.2,356,53.8,328,13.8,353,30.0,256,22.9,23
249,Georgia Tech,ACC,67.9,118,100.0,240,49.6,195,18.9,220,25.0,281,25.0,318,99.7,114,50.1,183,18.8,149,28.2,181,31.5,214
252,Tarleton St.,WAC,63.0,343,99.9,241,46.3,319,18.3,168,27.0,212,33.7,76,103.0,176,52.4,282,24.7,5,34.0,349,35.6,301
253,LIU,NEC,72.3,5,99.9,242,48.4,251,18.5,186,30.6,97,30.4,172,105.4,227,48.6,114,18.1,192,29.8,243,29.8,171
254,Elon,CAA,65.7,253,99.8,243,49.0,228,19.9,276,25.4,268,25.9,300,107.1,258,50.6,209,16.6,284,28.8,211,43.8,353
255,UC Irvine,BW,65.1,277,99.7,244,47.6,280,20.6,310,29.9,121,29.7,194,96.2,52,44.1,6,17.2,242,27.6,156,31.2,208
256,Illinois Chicago,Horz,69.1,65,99.6,245,51.1,121,17.2,98,25.0,283,22.9,346,110.0,302,51.6,255,16.9,272,27.2,130,34.2,276
257,Idaho,BSky,69.9,45,99.5,246,50.2,167,18.5,189,23.3,313,33.8,75,113.9,347,54.6,340,14.5,342,26.4,105,33.9,266
258,George Washington,A10,68.8,81,99.5,247,48.9,231,17.9,133,23.2,316,26.0,296,104.0,199,49.6,159,18.0,197,31.1,294,29.3,159
259,San Jose St.,MWC,65.3,267,99.4,248,49.8,185,20.0,285,22.0,336,22.5,347,109.6,295,53.5,320,15.7,317,30.5,272,27.0,91
260,Pittsburgh,ACC,63.9,332,99.4,249,46.7,308,21.2,324,30.5,102,39.4,7,102.2,158,52.0,268,16.5,287,26.1,93,29.4,162
261,Rhode Island,A10,67.2,171,99.3,250,50.6,147,20.8,317,28.6,163,36.1,44,96.2,51,46.3,32,19.3,121,27.6,158,32.7,245
262,Western Carolina,SC,68.1,110,99.2,251,47.9,270,17.7,126,28.7,157,27.8,257,110.4,309,53.2,313,14.4,343,28.5,202,28.7,136
263,Cal Baptist,WAC,67.5,138,99.1,252,50.3,162,20.5,302,27.9,179,37.4,31,103.4,183,48.1,88,17.3,239,27.8,163,33.3,258
264,La Salle,A10,67.1,174,99.0,253,47.8,275,18.6,198,29.0,150,25.1,314,103.7,194,50.0,180,16.8,275,27.4,144,31.0,204
265,Rider,MAAC,66.8,195,99.0,254,45.6,336,17.4,113,29.4,132,27.2,270,104.2,206,49.2,135,18.4,171,28.3,190,33.2,256
266,Troy,SB,66.7,197,99.0,255,47.4,287,21.9,343,31.9,60,34.8,58,99.9,117,48.4,107,20.4,65,27.5,150,34.4,281
267,Duquesne,A10,65.7,249,98.9,256,45.4,341,16.9,68,29.2,144,21.9,349,108.9,283,54.0,334,19.0,140,31.6,313,21.9,14
268,Central Arkansas,ASun,71.8,10,98.9,257,48.2,263,18.8,215,26.2,242,23.1,342,113.0,341,54.8,343,16.4,296,30.9,286,29.8,172
269,Purdue Fort Wayne,Horz,68.2,106,98.8,258,53.3,44,19.4,247,22.6,322,26.7,279,103.9,197,52.9,296,21.8,28,27.3,139,26.5,82
270,Dartmouth,Ivy,64.6,310,98.8,259,48.2,261,17.4,111,23.7,305,24.5,326,101.3,141,50.8,217,19.2,128,26.9,115,28.4,126
271,Saint Peter's,MAAC,65.9,241,98.7,260,47.8,274,20.8,319,31.5,69,37.5,29,94.4,34,44.1,5,20.9,41,28.0,177,41.0,347
272,Robert Morris,Horz,66.6,203,98.7,261,50.9,132,20.8,318,28.2,169,28.2,247,113.7,345,53.1,307,16.9,270,32.2,329,28.9,143
273,Indiana St.,MVC,69.1,69,98.5,262,50.6,144,19.2,229,17.3,357,26.4,288,103.1,178,51.7,257,15.8,312,22.5,14,26.2,70
274,High Point,BSth,66.4,216,98.5,263,48.9,229,19.5,251,27.4,193,33.9,72,104.9,215,49.5,155,17.7,220,30.2,263,35.3,293
275,Northwestern St.,Slnd,71.1,18,98.5,264,49.5,205,20.1,289,27.8,182,25.0,319,113.9,346,53.2,309,17.1,260,32.2,331,34.1,271
276,Tennessee St.,OVC,67.4,148,98.3,265,49.1,224,19.8,272,29.6,125,30.5,168,106.7,253,50.1,182,19.7,94,28.6,208,39.2,337
277,UC Davis,BW,67.0,181,98.3,266,48.6,246,17.9,134,26.2,243,29.4,210,102.1,156,47.3,54,19.2,123,28.9,219,36.9,317
278,Lehigh,Pat,68.0,116,98.2,267,52.1,81,19.2,233,21.5,342,25.1,312,110.4,307,49.3,140,14.7,340,26.4,107,31.8,224
279,UT Arlington,SB,65.0,283,98.2,268,45.7,335,20.3,291,30.5,98,29.7,195,102.1,157,49.4,145,20.3,73,31.7,315,32.3,239
280,Texas Southern,SWAC,67.9,117,98.1,269,48.6,247,21.4,328,33.5,33,33.6,77,99.1,101,44.9,12,17.2,251,27.7,162,34.1,275
281,Nebraska Omaha,Sum,69.8,49,98.1,270,49.3,213,19.3,239,24.6,291,28.3,243,116.3,353,56.3,354,14.7,339,30.0,255,37.4,322
282,Arkansas Pine Bluff,SWAC,67.0,182,98.0,271,46.6,309,19.7,268,25.0,282,33.6,79,119.4,358,55.5,351,18.7,151,36.2,357,34.6,283
283,Cal St. Bakersfield,BW,64.3,320,97.9,272,44.4,350,18.0,143,32.0,57,29.5,207,106.6,252,51.4,242,20.1,79,26.1,92,48.0,357
284,Siena,MAAC,66.2,222,97.9,273,48.7,241,18.4,184,24.5,293,28.9,221,104.4,209,49.1,132,17.3,238,28.5,201,29.2,154
285,Pepperdine,WCC,69.8,48,97.8,274,47.5,283,20.4,299,26.3,239,23.9,332,107.2,262,52.7,292,18.0,198,31.0,291,31.5,215
286,Harvard,Ivy,67.0,180,97.8,275,49.5,199,17.4,115,25.2,274,24.5,327,102.7,167,52.1,271,20.7,53,23.8,34,32.6,243
287,McNeese St.,Slnd,69.5,54,97.8,276,48.6,248,22.0,346,33.3,37,37.5,30,110.8,320,52.0,266,17.8,213,28.9,218,40.2,342
288,FIU,CUSA,66.6,202,97.5,277,49.9,176,20.1,287,27.0,211,24.6,324,106.3,247,50.2,184,18.5,163,29.8,247,31.4,213
289,Alcorn St.,SWAC,67.7,129,97.4,278,45.8,333,20.4,298,31.9,61,32.4,110,105.5,229,50.7,211,19.1,130,27.9,170,36.7,314
290,North Florida,ASun,67.6,131,97.3,279,48.1,264,21.6,338,25.2,276,30.4,174,106.0,244,48.8,121,16.7,279,36.9,358,28.7,137
291,Prairie View A&M,SWAC,70.1,37,97.3,280,48.4,252,24.0,355,31.7,64,38.5,13,107.1,259,51.0,224,20.6,58,34.2,352,44.8,355
294,Lafayette,Pat,64.6,305,97.3,281,50.6,143,16.5,53,22.3,331,20.9,357,111.8,332,53.7,326,17.2,245,30.0,257,25.8,64
295,New Orleans,Slnd,71.7,12,97.2,282,50.0,173,19.3,241,25.4,267,42.1,1,105.4,224,49.7,164,19.6,100,31.1,293,32.8,246
296,Alabama St.,SWAC,69.3,61,97.2,283,47.7,277,21.6,337,29.5,130,36.9,37,110.4,308,50.4,195,19.5,106,33.6,345,33.8,265
297,Western Michigan,MAC,63.9,331,97.2,284,49.3,212,20.3,295,27.2,205,24.3,329,112.1,335,53.4,317,15.0,334,32.3,332,29.8,170
298,Canisius,MAAC,68.1,112,97.2,285,45.4,337,16.9,74,28.0,173,30.2,180,105.7,234,51.5,250,17.8,216,26.3,103,32.2,234
299,Little Rock,SB,66.6,201,97.1,286,47.9,269,20.3,296,23.5,308,32.3,114,112.0,333,56.3,355,20.0,84,30.6,277,31.0,200
300,North Carolina A&T,BSth,67.3,156,97.0,287,46.6,310,18.3,173,29.2,145,28.2,248,107.8,273,50.9,221,20.1,81,31.3,303,37.8,327
301,Northeastern,CAA,64.3,319,96.9,288,50.1,170,21.2,325,26.3,234,30.6,163,105.0,217,51.7,258,15.7,322,23.7,32,25.6,61
302,North Dakota,Sum,67.2,165,96.9,289,47.2,290,17.5,117,26.8,222,31.6,131,116.4,354,56.3,353,13.7,355,25.8,76,30.5,188
303,Southern,SWAC,69.8,47,96.8,290,49.2,216,20.4,301,27.4,190,33.6,78,100.4,123,49.2,138,25.2,3,31.3,302,45.7,356
304,North Carolina Central,MEAC,67.5,143,96.8,291,47.7,278,23.7,354,32.6,49,37.8,26,107.0,257,50.5,201,22.1,24,30.6,275,43.5,351
305,San Diego,WCC,65.5,262,96.7,292,46.7,305,18.5,190,26.3,237,25.5,306,101.3,142,49.2,136,16.0,305,26.4,106,23.7,33
306,Gardner Webb,BSth,67.3,151,96.7,293,49.9,177,20.0,284,26.9,216,28.5,234,96.7,59,45.5,19,19.0,137,26.3,97,36.3,309
307,Stetson,ASun,65.6,256,96.7,294,48.8,232,19.5,253,28.2,171,25.6,303,109.2,291,53.0,302,16.1,302,27.5,151,26.8,87
308,Texas A&M Corpus Chris,Slnd,69.2,63,96.6,295,47.2,292,19.7,264,34.0,20,38.0,22,103.3,181,49.0,127,22.6,19,28.8,212,42.3,349
309,Central Michigan,MAC,67.4,149,96.6,296,47.8,276,19.6,262,25.4,269,30.5,166,109.9,301,53.0,305,16.6,283,31.3,301,36.1,306
310,Army,Pat,68.7,87,96.6,297,48.8,233,18.9,218,29.8,124,32.1,119,107.8,271,52.8,295,19.4,113,27.3,135,22.9,21
311,Presbyterian,BSth,64.0,328,96.6,298,45.4,339,19.5,255,33.2,38,30.2,178,104.8,214,53.5,322,21.2,35,24.7,52,40.7,345
312,Loyola MD,Pat,64.4,317,96.5,299,50.4,152,18.2,163,25.2,277,25.0,321,105.2,219,51.4,239,20.8,51,26.1,87,30.7,191
313,Tennessee Martin,OVC,68.8,82,96.4,300,46.1,325,19.4,249,30.0,117,26.3,290,108.8,281,50.8,215,18.5,164,31.8,316,37.2,318
314,UMass Lowell,AE,67.3,154,96.3,301,48.0,266,18.3,172,29.3,139,26.5,286,103.2,180,48.9,123,19.6,102,29.9,252,32.5,242
315,Mount St. Mary's,NEC,63.2,339,96.3,302,48.6,245,20.1,286,31.0,81,26.3,291,102.8,170,48.6,113,18.9,144,29.1,224,26.2,71
316,Georgia Southern,SB,65.9,240,96.2,303,47.8,271,21.3,326,28.6,159,31.6,136,103.4,184,48.3,100,18.9,141,31.2,299,35.6,298
317,Portland St.,BSky,70.9,22,96.0,304,47.1,293,17.0,83,26.1,244,31.6,132,103.5,190,52.7,289,23.3,12,31.8,320,39.4,339
318,Dixie St.,WAC,71.2,17,95.9,305,46.5,312,21.0,321,27.0,215,35.2,56,105.0,216,50.8,219,17.9,209,28.9,215,30.6,190
319,Air Force,MWC,63.1,340,95.9,306,50.9,133,21.5,334,19.6,353,26.8,278,103.9,198,51.5,245,20.3,72,29.4,231,38.9,335
320,Northern Arizona,BSky,65.0,284,95.8,307,47.9,268,20.5,303,28.9,151,27.7,259,112.5,339,53.0,301,13.8,352,23.7,31,34.1,269
321,Chicago St.,WAC,65.5,259,95.7,308,45.8,332,22.1,347,31.5,70,29.3,212,113.1,343,53.7,327,18.7,155,32.1,327,38.5,334
322,Radford,BSth,64.0,327,95.4,309,46.5,313,20.6,309,28.9,152,27.8,256,105.8,237,52.0,264,20.2,77,25.9,79,37.4,320
323,Pacific,WCC,68.0,113,95.4,310,46.2,321,17.4,109,22.6,323,32.3,115,105.9,242,54.9,345,18.7,150,22.6,16,28.1,120
324,Navy,Pat,64.6,308,95.4,311,47.5,282,19.9,274,33.8,23,30.8,157,96.7,60,47.3,53,20.4,67,24.8,53,31.7,221
325,Sacramento St.,BSky,64.1,323,95.4,312,48.8,236,16.7,62,21.4,343,28.3,244,108.9,285,52.6,285,17.7,225,27.6,160,33.7,263
326,Houston Baptist,Slnd,68.7,86,95.3,313,48.8,235,20.7,315,29.3,140,37.8,24,112.5,338,55.3,349,19.1,135,27.3,138,37.8,328
327,St. Francis PA,NEC,67.2,166,95.3,314,46.9,300,18.1,148,30.4,104,29.8,190,109.9,299,52.4,278,18.3,181,31.9,322,25.6,60
328,Morgan St.,MEAC,71.7,13,95.2,315,46.4,317,21.4,330,31.5,71,31.1,147,106.0,243,51.6,253,23.3,13,29.9,251,43.7,352
329,Austin Peay,OVC,64.5,314,95.0,316,46.6,311,21.3,327,29.5,129,25.7,301,105.7,232,52.5,284,20.9,39,30.4,268,36.1,305
330,Florida A&M,SWAC,65.4,264,95.0,317,45.9,331,18.8,211,25.9,253,29.7,196,107.7,270,48.2,94,18.4,165,34.1,350,38.9,336
331,Binghamton,AE,67.0,183,95.0,318,48.8,234,18.8,214,26.7,229,23.2,340,105.9,240,49.9,177,15.9,306,27.1,125,30.1,177
332,Fairleigh Dickinson,NEC,69.5,55,94.9,319,46.4,318,19.4,244,27.8,181,27.8,258,114.7,350,53.8,332,18.2,188,34.2,351,34.1,273
333,Incarnate Word,Slnd,64.6,311,94.9,320,48.4,254,20.1,288,22.6,324,27.4,267,116.8,355,56.8,357,18.1,194,32.7,335,30.0,175
334,St. Francis NY,NEC,66.5,204,94.8,321,46.0,328,17.9,131,29.4,136,23.3,338,109.1,290,51.9,261,18.9,145,29.8,244,32.4,240
335,Fordham,A10,67.5,135,94.7,322,45.7,334,18.9,216,27.2,206,29.7,192,95.3,41,48.0,83,19.6,99,26.3,100,30.4,186
336,UTSA,CUSA,68.5,93,94.6,323,43.6,353,17.6,120,29.5,128,25.4,307,107.7,269,54.3,336,17.0,263,25.8,74,33.0,253
337,American,Pat,64.8,296,94.5,324,49.6,193,20.3,292,25.1,280,25.6,305,110.8,317,53.3,314,17.4,234,29.0,222,28.9,144
338,Merrimack,NEC,62.1,350,94.4,325,48.6,243,18.5,187,22.5,326,26.0,298,105.9,241,49.1,133,22.6,20,36.2,356,33.9,267
339,SIU Edwardsville,OVC,68.4,101,94.4,326,46.7,307,21.5,335,31.0,80,34.5,65,105.6,231,49.0,129,19.2,127,30.4,269,37.6,325
340,Cal St. Northridge,BW,64.8,293,94.3,327,44.4,349,18.5,193,26.8,221,29.6,205,110.1,305,51.9,262,19.9,86,33.0,337,36.5,312
341,Southern Miss,CUSA,66.9,186,94.2,328,46.8,304,19.7,265,23.8,302,26.6,283,112.0,334,54.0,335,15.8,316,28.4,196,28.1,116
342,Idaho St.,BSky,63.8,334,94.2,329,47.4,285,21.1,322,27.6,186,33.0,94,111.5,329,53.2,312,16.7,280,27.5,153,35.2,292
343,Eastern Michigan,MAC,69.1,67,94.1,330,48.2,262,19.2,232,23.3,312,29.8,188,107.4,264,51.6,252,16.9,271,28.4,194,29.3,158
344,Grambling St.,SWAC,69.1,66,93.9,331,44.6,346,19.9,279,27.4,192,33.4,88,106.1,245,48.9,125,19.3,118,31.4,307,40.8,346
345,Jackson St.,SWAC,63.6,337,93.6,332,45.3,342,19.9,275,31.4,72,26.5,287,102.6,164,47.7,71,18.4,168,27.9,169,36.6,313
346,South Carolina St.,MEAC,69.9,42,93.4,333,43.3,354,20.2,290,34.3,18,31.9,127,105.9,239,49.9,178,20.6,57,29.0,220,37.4,321
347,Cal Poly,BW,64.5,313,93.4,334,46.1,323,22.6,351,27.3,198,36.3,41,105.7,233,48.1,87,17.0,261,26.9,117,36.8,315
348,Bethune Cookman,SWAC,65.7,252,93.3,335,45.4,338,19.8,271,27.8,180,28.8,227,109.9,300,51.5,243,20.4,68,30.9,285,35.5,296
349,Columbia,Ivy,69.4,58,93.2,336,48.5,249,21.5,332,27.5,187,26.1,293,114.4,348,54.8,344,16.4,294,28.8,213,25.1,54
350,Northern Illinois,MAC,66.9,189,93.1,337,47.2,289,19.8,273,24.3,296,33.1,93,104.1,204,50.6,205,19.7,97,29.4,233,40.7,344
351,Mississippi Valley St.,SWAC,70.6,26,92.9,338,44.5,347,18.1,151,23.5,309,31.4,138,115.4,351,56.7,356,20.8,50,33.9,347,36.5,311
352,Evansville,MVC,63.9,330,92.9,339,47.0,297,17.2,95,14.2,358,24.6,325,106.9,254,56.1,352,17.9,210,22.1,7,31.0,203
353,Charleston Southern,BSth,68.8,78,92.4,340,46.1,324,21.5,333,26.3,235,28.4,239,112.6,340,55.3,350,17.4,235,25.7,70,30.0,173
354,Lamar,WAC,65.9,242,92.4,341,44.5,348,21.7,340,30.0,114,26.2,292,112.3,337,52.9,298,17.9,211,31.9,321,38.5,333
355,Maine,AE,66.1,227,92.3,342,46.9,302,19.4,248,24.0,297,20.4,358,114.5,349,54.9,346,18.3,177,30.5,274,32.8,249
356,Albany,AE,65.0,282,92.3,343,46.2,320,18.7,206,26.1,245,25.0,316,102.9,173,50.7,212,20.6,55,27.2,126,31.8,225
357,Green Bay,Horz,64.5,312,92.2,344,46.5,314,19.9,281,26.7,225,32.0,120,110.5,312,53.0,303,18.2,187,28.6,205,31.7,222
358,Coppin St.,MEAC,72.1,9,92.1,345,46.0,326,19.5,250,20.1,351,34.6,64,103.7,195,49.3,139,20.3,71,32.0,325,28.1,118
359,Milwaukee,Horz,66.8,194,92.0,346,47.7,279,19.6,258,25.9,254,28.0,253,108.9,282,47.5,67,14.9,337,30.1,261,29.1,152
360,Central Connecticut,NEC,64.5,315,91.6,347,46.0,327,20.6,308,26.3,240,29.1,216,111.4,326,52.9,299,18.8,147,31.8,317,28.8,140
361,Holy Cross,Pat,67.0,184,91.3,348,45.1,343,18.2,165,27.3,202,28.6,231,111.5,328,53.2,310,17.6,227,29.4,234,30.8,193
362,Maryland Eastern Shore,MEAC,67.5,142,91.0,349,46.0,329,21.9,342,27.7,184,31.8,128,103.6,193,51.0,223,23.8,9,30.4,270,36.4,310
363,South Florida,Amer,64.9,291,91.0,350,41.3,357,19.1,224,29.9,122,25.4,308,97.9,76,48.3,104,18.9,142,27.0,121,33.6,261
364,Hampton,BSth,69.0,71,90.8,351,44.2,352,18.2,159,22.0,335,36.6,39,105.9,238,47.3,59,16.6,282,31.5,310,37.9,329
365,North Alabama,ASun,67.6,133,90.4,352,43.2,355,17.0,87,25.5,263,23.8,333,104.0,200,50.2,187,18.9,143,29.9,250,40.0,341
366,William & Mary,CAA,68.6,90,90.1,353,46.0,330,23.1,353,27.1,210,30.3,176,108.0,277,53.6,324,17.9,204,27.7,161,27.2,95
367,NJIT,AE,65.9,243,89.5,354,46.5,315,18.7,208,23.2,315,31.0,154,108.0,276,51.0,226,16.7,281,27.9,168,27.0,93
368,Alabama A&M,SWAC,66.4,209,87.6,355,41.3,358,19.6,259,28.7,158,33.5,81,101.0,132,46.3,29,19.6,103,31.0,289,28.6,135
369,Delaware St.,MEAC,68.3,104,86.4,356,45.0,345,25.6,357,27.0,214,32.4,111,110.6,316,51.1,230,19.3,116,34.7,354,34.2,278
370,Eastern Illinois,OVC,64.6,302,83.5,357,44.2,351,24.3,356,20.8,346,31.2,144,108.9,284,53.4,316,18.4,167,32.7,334,24.2,38
371,IUPUI,Horz,62.2,347,79.6,358,42.4,356,26.1,358,30.0,113,24.9,322,111.0,323,52.8,294,20.6,61,33.0,338,37.5,323
