,Team,Conference,AvgHgt,AvgHgt.Rank,EffHgt,EffHgt.Rank,C-Hgt,C-Hgt.Rank,PF-Hgt,PF-Hgt.Rank,SF-Hgt,SF-Hgt.Rank,SG-Hgt,SG-Hgt.Rank,PG-Hgt,PG-Hgt.Rank,Experience,Experience.Rank,Bench,Bench.Rank,Continuity,Continuity.Rank
0,Florida St.,ACC,79.7,1,+2.6,5,+3.9,2,+1.3,42,+1.9,19,+2.7,6,+3.7,1,1.63,245,44.7,5,38.8,245
1,Arizona,P12,79.4,2,+3.2,1,+3.5,4,+3.0,1,+1.4,33,+1.8,22,+2.6,11,0.52,355,29.2,221,47.3,191
2,Stanford,P12,79.2,3,+1.6,25,+1.1,56,+2.0,12,+3.1,2,+3.0,1,+1.8,39,1.29,314,36.9,57,53.6,140
3,USC,P12,79.1,4,+1.7,19,+1.1,58,+2.3,4,+4.1,1,+2.1,14,+1.2,87,1.81,201,29.7,209,55.8,118
4,Seton Hall,BE,78.9,5,+2.3,7,+2.8,12,+1.8,15,+1.1,48,+2.8,2,+1.0,95,2.56,21,33.8,115,52.4,149
5,Syracuse,ACC,78.8,6,+1.7,20,+1.3,46,+2.0,11,+2.9,3,+2.4,12,+0.6,125,2.39,57,19.8,348,34.5,273
6,Rutgers,B10,78.7,7,+0.8,71,+1.3,44,+0.3,119,+1.2,45,+2.8,2,+3.2,3,2.08,133,22.8,323,61.0,85
7,Gonzaga,WCC,78.7,8,+2.1,8,+2.3,19,+2.0,13,+1.3,41,+1.5,41,+1.8,41,1.55,264,26.4,274,42.7,221
8,Wyoming,MWC,78.7,9,+0.6,97,+0.1,152,+1.0,61,+2.1,11,+2.4,13,+3.3,2,1.82,196,21.1,340,59.1,100
9,UC Riverside,BW,78.7,10,+2.1,10,+3.4,5,+0.7,77,+0.5,110,+1.0,66,+3.1,4,2.01,151,22.6,326,57.9,106
10,California,P12,78.6,11,+1.8,17,+1.3,45,+2.2,5,+2.3,6,+0.8,96,+1.6,48,2.25,86,31.1,164,60.1,92
11,Michigan St.,B10,78.6,12,+1.4,31,+1.2,49,+1.6,26,+2.5,5,+1.9,16,+0.9,97,1.78,210,35.1,78,47.1,194
12,Wake Forest,ACC,78.6,13,+1.8,14,+2.1,21,+1.5,31,+2.2,9,+1.5,40,+0.8,110,2.41,50,25.3,294,32.6,283
13,Nevada,MWC,78.5,14,+1.9,12,+2.8,10,+0.8,69,+1.1,48,+1.2,54,+1.6,50,1.89,183,26.5,271,67.0,58
14,Boise St.,MWC,78.5,15,+0.5,103,+0.4,124,+0.7,81,+2.1,11,+2.5,10,+1.9,33,2.41,51,27.1,263,64.1,70
15,Saint Joseph's,A10,78.5,16,+1.1,55,+1.1,62,+1.1,57,+1.6,27,+1.8,17,+1.8,37,1.72,226,19.1,352,56.9,112
16,Purdue,B10,78.5,17,+2.1,9,+3.7,3,+0.4,106,+0.3,131,+1.0,65,+2.0,26,1.77,211,36.5,63,79.4,13
17,Marshall,CUSA,78.4,18,+1.3,41,+1.4,42,+1.2,43,+1.3,44,+1.3,50,+2.3,19,1.23,317,30.5,181,69.8,46
18,Xavier,BE,78.4,19,+1.6,23,+2.1,22,+1.1,55,+0.6,93,+1.2,55,+2.3,18,2.10,128,30.5,182,68.0,53
19,Oregon St.,P12,78.4,20,+1.8,15,+2.4,17,+1.2,44,+0.8,83,+1.1,63,+1.8,40,2.10,126,34.6,94,47.3,190
20,Eastern Washington,BSky,78.4,21,+0.1,140,+0.1,156,+0.2,134,+1.6,28,+2.8,2,+2.4,16,1.42,290,21.1,341,11.3,342
21,Western Kentucky,CUSA,78.4,22,+3.0,2,+5.6,1,+0.4,114,+0.4,121,+0.4,136,+0.4,151,2.42,49,20.3,345,35.4,265
22,Utah,P12,78.4,23,+1.3,38,+1.8,27,+0.9,66,+1.0,69,+1.6,31,+1.8,38,2.00,156,37.7,43,23.2,323
23,Northeastern,CAA,78.4,24,-0.4,221,-1.2,294,+0.4,109,+2.1,11,+2.8,5,+3.0,7,2.11,125,29.8,203,61.9,82
24,Duke,ACC,78.3,25,+1.9,11,+2.0,24,+1.8,18,+0.7,86,+1.4,47,+1.1,94,0.98,345,23.7,312,40.0,229
25,Wisconsin,B10,78.3,26,+2.4,6,+2.7,14,+2.0,10,+0.0,174,+0.8,76,+1.3,66,1.46,281,23.2,315,42.0,226
26,Colorado,P12,78.3,27,+1.4,35,+1.1,66,+1.7,22,+2.2,7,+0.6,116,+1.3,70,1.26,316,33.9,114,37.0,255
27,Santa Clara,WCC,78.3,28,+1.3,42,+0.8,80,+1.7,21,+1.7,25,+1.6,30,+0.9,99,2.31,75,21.5,338,53.6,141
28,Texas Tech,B12,78.3,29,+0.1,154,-0.5,225,+0.7,80,+1.1,48,+2.5,11,+2.9,8,2.45,42,38.2,39,31.8,291
29,Pittsburgh,ACC,78.3,30,+1.0,64,+0.6,106,+1.4,35,+1.3,43,+1.6,36,+1.9,34,1.87,186,27.9,244,28.3,307
30,North Carolina,ACC,78.3,31,+1.6,24,+1.1,64,+2.1,7,+2.5,4,+1.0,71,-0.1,191,1.78,209,19.9,347,60.2,90
31,Coastal Carolina,SB,78.2,32,+0.4,117,-0.0,170,+0.8,71,+1.1,48,+2.5,9,+2.0,29,2.20,98,24.3,303,42.3,224
32,Creighton,BE,78.2,33,+1.5,26,+2.8,11,+0.2,134,+1.5,29,+1.4,44,+0.3,155,1.32,309,22.9,319,12.5,341
33,Michigan,B10,78.2,34,+2.8,3,+3.4,6,+2.3,3,+2.2,10,-1.9,339,+0.3,159,1.42,292,22.7,324,38.8,246
34,East Carolina,Amer,78.2,35,+1.2,49,+1.0,71,+1.3,39,+1.4,35,+1.6,34,+0.8,109,1.58,255,32.5,139,54.0,135
35,North Dakota St.,Sum,78.2,36,+1.4,34,+1.4,36,+1.4,36,+0.6,100,+1.7,24,+1.1,92,1.35,302,30.7,177,82.2,6
36,South Florida,Amer,78.2,37,+0.8,72,+1.4,32,+0.2,153,+0.5,107,+0.8,76,+3.1,5,0.87,350,37.7,45,25.4,316
37,DePaul,BE,78.2,38,+1.2,47,+1.3,43,+1.0,62,+1.4,34,+1.7,28,+0.5,136,2.22,94,30.5,183,28.3,306
38,Connecticut,BE,78.2,39,+1.0,61,-0.2,177,+2.2,5,+1.3,40,+2.0,15,+0.6,124,2.15,116,28.0,243,73.7,32
39,Oregon,P12,78.1,40,+1.3,40,+1.8,26,+0.8,74,+1.0,65,+0.7,104,+1.5,58,2.31,73,27.9,246,27.9,309
41,Lafayette,Pat,78.1,41,+1.4,30,+2.4,18,+0.5,100,+2.1,11,-0.5,242,+1.3,70,1.54,270,22.5,328,54.7,129
42,Notre Dame,ACC,78.1,42,+0.5,112,+0.5,111,+0.4,112,+0.3,127,+1.8,17,+2.6,9,1.85,191,23.0,317,70.6,44
43,New Mexico St.,WAC,78.1,43,+0.4,114,+0.7,97,+0.2,134,+1.4,37,+1.2,60,+2.2,25,2.03,145,32.0,149,47.8,185
44,Davidson,A10,78.0,44,+1.1,58,+0.6,104,+1.5,29,+1.5,30,+1.5,37,+0.2,175,1.89,181,24.6,301,63.5,74
45,Indiana,B10,78.0,45,+0.6,95,+0.3,141,+0.9,64,+1.0,66,+1.5,39,+1.6,49,1.41,295,30.8,173,49.1,175
46,San Jose St.,MWC,78.0,46,+0.8,70,+0.6,107,+1.1,56,+1.2,46,+1.6,35,+0.9,102,1.07,338,30.1,197,31.5,293
47,Bradley,MVC,78.0,47,+1.2,46,+0.8,90,+1.6,25,+0.5,113,-0.0,169,+2.3,19,1.65,241,33.1,131,35.2,267
48,Mississippi St.,SEC,78.0,48,+1.0,60,+0.7,93,+1.4,37,+2.1,11,+0.2,150,+0.7,118,1.75,218,31.3,159,39.5,233
49,UCLA,P12,78.0,49,+0.4,119,+0.3,132,+0.4,107,+2.1,11,+2.6,7,-0.4,223,2.20,97,34.1,108,80.5,8
50,Utah Valley,WAC,78.0,50,+1.8,13,+1.6,29,+2.1,9,+1.1,61,+0.8,76,-0.5,236,1.34,303,29.4,217,51.8,158
51,Bucknell,Pat,78.0,51,+1.6,21,+1.4,33,+1.8,19,+0.4,122,+0.2,149,+1.1,90,1.58,256,28.8,230,50.6,165
52,Washington,P12,77.9,52,+0.6,92,+1.0,74,+0.2,134,+1.1,47,+0.3,140,+2.3,19,2.55,23,28.1,241,33.9,276
53,TCU,B12,77.9,53,+0.6,88,+1.0,70,+0.2,134,+1.5,31,+0.6,110,+1.5,54,1.47,279,33.4,124,28.0,308
54,Maryland,B10,77.9,54,+1.0,66,+0.8,92,+1.2,46,+2.2,8,+1.7,27,-1.0,273,2.20,101,24.2,306,44.8,210
55,South Alabama,SB,77.9,55,-0.1,180,-0.7,243,+0.5,103,+1.1,48,+1.3,51,+2.6,10,2.42,48,26.6,269,16.4,335
56,UC Santa Barbara,BW,77.9,56,+1.5,28,+0.8,80,+2.1,8,-0.7,266,+0.7,106,+1.6,47,2.04,144,30.1,193,52.4,148
57,Marquette,BE,77.9,57,+0.5,111,+0.3,142,+0.7,85,+1.0,70,+0.6,109,+2.0,27,0.87,349,34.6,98,16.1,336
58,Dayton,A10,77.8,58,+1.1,51,+0.6,101,+1.6,23,+1.3,38,+1.1,61,-0.3,216,0.27,358,30.7,175,30.2,299
59,Illinois St.,MVC,77.8,59,+0.9,68,+0.7,96,+1.1,52,+0.9,73,+1.4,45,+0.3,157,1.94,174,29.0,225,49.1,176
60,Temple,Amer,77.8,60,-0.1,181,-0.8,261,+0.6,93,+1.3,42,+1.8,17,+1.5,60,0.40,357,38.2,38,42.1,225
61,Saint Mary's,WCC,77.8,61,+0.7,77,+0.6,102,+0.8,70,+1.8,20,-0.3,211,+1.3,70,2.30,79,23.2,316,78.4,17
62,Georgetown,BE,77.8,62,+1.2,43,+2.5,15,-0.1,190,+0.4,124,+1.6,33,-0.3,211,1.34,308,27.3,256,34.9,269
63,Memphis,Amer,77.8,63,+1.4,37,+0.9,75,+1.8,16,+1.8,21,+1.7,26,-2.2,328,1.72,227,42.8,7,50.7,163
64,Canisius,MAAC,77.8,64,+0.3,122,+0.4,127,+0.3,122,+0.3,133,+1.8,17,+1.3,65,2.30,77,32.3,143,73.7,31
65,Western Illinois,Sum,77.8,65,+1.1,52,+0.8,80,+1.4,34,+1.3,39,-0.8,271,+1.3,70,2.32,70,21.4,339,46.5,199
66,Weber St.,BSky,77.7,66,-0.4,223,-0.1,175,-0.7,262,+1.1,48,+1.2,53,+2.4,17,1.66,236,21.8,335,48.4,180
67,N.C. State,ACC,77.7,67,+0.7,81,+1.2,52,+0.2,134,+1.1,62,+0.3,145,+1.2,89,1.38,300,26.1,279,42.5,223
68,LSU,SEC,77.7,68,+0.8,75,+0.9,77,+0.6,86,+0.4,116,+0.7,107,+1.3,70,1.18,320,31.3,158,29.7,300
69,Nebraska,B10,77.7,69,+1.0,63,+0.5,115,+1.5,30,+1.0,67,+0.4,138,+0.5,142,1.42,288,32.4,140,37.8,250
70,Providence,BE,77.7,70,+0.7,80,+0.3,140,+1.1,53,+1.8,23,+1.3,48,-0.7,252,2.74,6,24.5,302,55.3,123
71,Oklahoma St.,B12,77.7,71,+0.1,148,+0.0,164,+0.2,133,+0.1,151,+1.5,38,+1.8,36,1.75,216,37.1,53,65.3,64
72,Milwaukee,Horz,77.7,72,+1.1,59,+1.4,37,+0.7,78,-0.3,214,+0.8,98,+1.0,96,1.57,258,36.7,59,45.7,205
73,Fresno St.,MWC,77.7,73,+1.4,33,+3.0,9,-0.2,208,+0.1,151,+0.9,75,-0.2,206,1.79,207,26.4,273,74.0,27
74,UTSA,CUSA,77.7,74,+0.6,93,+1.1,63,+0.1,173,+0.6,99,-0.1,175,+1.9,35,1.76,214,42.2,9,43.6,218
75,St. John's,BE,77.7,75,+1.2,45,+1.0,73,+1.4,33,+0.7,87,+0.6,115,-0.2,194,1.96,169,34.0,110,39.2,239
76,Central Arkansas,ASun,77.7,76,-0.3,216,-1.2,294,+0.5,97,+2.0,18,+0.6,112,+1.5,59,1.18,319,31.0,170,46.5,201
77,Georgia Tech,ACC,77.6,77,-0.1,177,-0.4,211,+0.2,134,+1.0,68,+1.7,25,+0.9,103,1.99,162,28.4,237,52.3,150
78,Lehigh,Pat,77.6,78,+0.1,143,+0.4,123,-0.1,198,+0.5,109,+0.8,76,+1.8,42,1.69,231,37.8,42,67.2,55
79,McNeese St.,Slnd,77.6,79,+0.1,155,+1.1,61,-0.9,293,+0.1,151,+1.2,52,+1.9,30,1.58,257,39.0,29,20.5,329
80,Portland,WCC,77.6,80,+0.1,146,-0.3,200,+0.5,99,+0.6,95,+1.0,67,+1.5,53,0.83,351,22.6,327,0.1,346
82,Baylor,B12,77.6,81,+1.1,57,+0.3,131,+1.8,17,+1.7,24,-0.9,282,+0.3,159,1.79,205,34.1,106,38.8,243
83,UNC Asheville,BSth,77.6,82,+0.6,98,+0.5,116,+0.6,90,+0.1,151,+1.8,23,+0.4,154,2.38,61,27.2,259,71.5,41
84,Minnesota,B10,77.6,83,+0.1,145,+0.2,144,+0.1,174,-0.5,242,+0.8,76,+2.5,12,2.56,22,18.5,353,7.9,343
85,Georgia,SEC,77.6,84,+0.7,76,+1.2,51,+0.3,120,-0.3,223,+0.5,120,+1.5,57,1.88,185,31.1,165,5.8,345
86,Mississippi,SEC,77.6,85,+1.4,36,+2.1,23,+0.7,79,+0.4,118,+0.5,125,-0.5,241,2.00,154,32.8,136,43.9,215
87,Boston University,Pat,77.5,86,+0.3,129,+0.4,128,+0.2,157,+0.4,117,+0.8,95,+1.3,70,2.47,36,29.6,212,74.7,25
88,Auburn,SEC,77.5,87,+2.8,4,+3.1,8,+2.5,2,+1.0,64,-2.2,347,-1.4,299,1.34,306,35.1,80,33.4,279
89,Hampton,BSth,77.5,88,+0.7,79,+1.5,30,-0.1,195,+0.1,151,+0.9,74,+0.5,129,2.01,149,31.9,151,43.9,216
90,Harvard,Ivy,77.5,89,-1.1,315,-1.5,327,-0.7,255,+1.1,48,+2.6,8,+1.4,64,1.77,213,35.4,76,0.0,0
91,Pepperdine,WCC,77.5,90,+0.7,84,+0.1,153,+1.2,49,+0.7,88,+0.8,97,-0.0,186,1.36,301,35.1,79,35.8,262
92,Iowa,B10,77.5,91,+0.6,96,-0.2,177,+1.3,40,+1.7,26,+0.1,162,-0.2,196,1.70,230,38.6,35,48.4,178
93,Albany,AE,77.5,92,-0.4,224,-0.2,195,-0.6,248,-0.4,232,+0.8,76,+3.1,6,2.38,62,34.9,88,39.3,236
94,UTEP,CUSA,77.5,93,-0.2,200,-0.4,214,-0.1,189,+0.1,151,+1.0,72,+2.0,28,1.54,268,32.2,145,59.2,98
95,Hawaii,BW,77.5,94,+1.3,39,+1.4,35,+1.2,45,+1.4,36,+0.3,144,-1.8,318,1.63,246,30.2,189,40.2,228
96,Northwestern,B10,77.5,95,+1.2,44,+0.8,80,+1.6,28,-0.8,278,-0.4,225,+1.3,70,1.89,180,38.9,31,68.3,51
97,Boston College,ACC,77.5,96,+1.1,50,+1.4,41,+0.9,63,-0.6,254,-0.5,239,+1.3,70,1.74,224,26.2,278,30.7,297
98,Manhattan,MAAC,77.4,97,-0.4,220,-0.2,189,-0.6,249,+0.1,151,+1.6,29,+1.4,61,2.94,1,34.4,101,67.1,57
99,Utah St.,MWC,77.4,98,+0.9,67,+1.1,54,+0.7,82,+0.9,72,-0.1,172,-0.3,217,2.25,87,28.9,228,39.9,231
100,Cal Baptist,WAC,77.4,99,-0.5,244,-0.7,254,-0.4,226,+0.1,151,+1.8,17,+1.5,56,1.55,265,26.1,284,57.3,111
101,Houston,Amer,77.4,100,+0.6,94,+0.5,117,+0.7,84,-0.1,200,+0.7,100,+0.5,137,2.23,92,28.5,235,24.1,321
102,Iona,MAAC,77.4,101,+1.0,62,+0.4,130,+1.6,24,-0.8,275,+0.3,141,+0.7,120,2.16,113,30.3,188,49.2,173
103,Charlotte,CUSA,77.4,102,+0.2,136,+0.7,94,-0.3,218,+0.2,140,+1.2,59,+0.5,134,2.02,147,25.1,298,32.0,289
104,Mercer,SC,77.4,103,-0.1,187,+0.1,157,-0.4,233,+1.1,48,+0.6,111,+0.7,113,2.07,135,25.2,297,39.3,237
105,Northern Arizona,BSky,77.4,104,+0.2,133,-0.3,205,+0.8,76,+2.0,17,+1.0,69,-1.4,297,1.08,336,29.7,206,51.4,160
106,UCF,Amer,77.4,105,+0.6,90,+1.1,65,+0.1,162,+0.1,170,+0.1,156,+0.7,119,1.98,164,33.0,133,66.7,59
107,Presbyterian,BSth,77.4,106,-0.6,252,-1.3,313,+0.2,154,-0.0,187,+0.8,76,+2.5,13,1.55,266,34.6,97,73.9,28
108,Cincinnati,Amer,77.4,107,+1.7,18,+2.4,16,+1.0,60,+0.2,136,-0.8,270,-0.7,253,2.17,104,35.6,70,52.1,154
109,UC Irvine,BW,77.4,108,+1.1,56,+1.1,60,+1.1,59,-0.4,224,-0.5,247,+0.7,114,1.54,267,39.9,23,72.4,36
110,Villanova,BE,77.3,109,-0.7,265,-1.5,328,+0.2,134,+0.0,176,+0.8,76,+2.4,15,2.40,54,22.9,318,72.3,38
111,Vanderbilt,SEC,77.3,110,+0.3,124,+0.8,88,-0.1,199,+0.9,80,+0.4,130,-0.0,185,1.67,232,34.1,107,47.3,189
112,Eastern Michigan,MAC,77.3,111,+0.4,113,+0.8,89,+0.1,166,-0.3,221,+0.1,161,+1.3,70,1.65,240,35.0,84,25.7,315
113,San Francisco,WCC,77.3,112,+1.4,29,+1.0,72,+1.9,14,+0.1,150,-0.8,274,-0.2,202,2.30,78,30.2,190,52.6,146
114,George Mason,A10,77.3,113,+0.1,153,-0.1,172,+0.3,127,+1.8,22,+0.4,132,-0.6,248,2.23,91,19.4,350,32.4,286
115,Florida,SEC,77.3,114,+0.5,104,+1.1,59,-0.1,191,-0.0,185,-0.2,185,+0.9,100,2.53,27,35.0,83,39.4,235
116,William & Mary,CAA,77.3,115,+0.1,152,+0.2,148,+0.0,179,+0.6,98,+0.7,108,+0.3,159,1.00,344,30.1,194,50.2,167
117,Idaho St.,BSky,77.3,116,-0.7,272,-1.0,276,-0.4,238,-0.0,186,+0.8,76,+2.4,14,1.65,242,37.3,50,75.8,22
118,St. Bonaventure,A10,77.3,117,-0.6,262,+0.5,113,-1.8,349,+0.0,175,+0.8,99,+2.3,19,2.73,8,11.2,358,82.0,7
119,Washington St.,P12,77.3,118,+1.5,27,+1.4,38,+1.6,27,+0.4,119,-0.4,228,-1.2,285,1.60,248,34.1,105,52.3,151
120,Mount St. Mary's,NEC,77.3,119,+0.7,82,-0.2,177,+1.5,32,+0.8,84,+1.2,56,-1.5,306,2.16,111,30.9,172,67.6,54
121,Loyola MD,Pat,77.3,120,+1.1,54,+0.8,80,+1.4,38,-0.9,290,+0.7,105,-0.3,210,1.73,225,25.8,288,49.2,172
123,South Carolina,SEC,77.3,121,-0.0,171,+0.8,91,-0.8,292,-0.9,290,+0.8,94,+1.9,31,2.00,158,41.0,14,31.0,295
124,Illinois,B10,77.3,122,+1.6,22,+2.1,20,+1.1,58,-0.7,271,-1.1,296,+0.3,159,2.28,83,28.2,240,56.7,114
125,VCU,A10,77.3,123,-0.2,193,-0.4,213,+0.0,181,+0.1,172,+0.8,76,+1.1,93,1.66,235,33.9,112,56.4,115
126,San Diego St.,MWC,77.3,124,+0.4,118,+0.5,118,+0.3,117,-0.4,233,-0.1,179,+1.3,67,2.48,34,34.2,102,57.4,110
127,Ohio St.,B10,77.2,125,-0.2,198,-0.6,238,+0.2,132,+0.8,82,+0.5,122,+0.6,127,1.87,189,35.0,85,44.4,213
128,Morehead St.,OVC,77.2,126,-0.3,209,+0.5,110,-1.1,310,-0.4,237,+0.2,154,+2.3,19,1.58,254,26.6,270,52.0,156
129,Columbia,Ivy,77.2,127,-0.1,175,-0.2,192,+0.1,163,+0.7,90,+0.1,164,+0.9,106,1.13,329,41.3,12,0.0,0
130,Missouri,SEC,77.2,128,-0.5,247,-0.7,255,-0.4,228,+0.2,145,+1.0,70,+1.4,63,1.72,228,27.7,249,19.7,330
131,Bowling Green,MAC,77.2,129,-0.6,254,-0.9,265,-0.3,222,+0.9,76,+0.3,143,+1.4,62,2.16,112,40.5,18,46.5,200
132,Grambling St.,SWAC,77.2,130,+0.3,125,+0.2,147,+0.5,104,+0.8,81,-0.4,223,+0.3,159,2.40,55,35.5,75,46.5,197
133,George Washington,A10,77.2,131,+0.6,89,+0.8,85,+0.4,111,-0.9,290,-0.2,205,+1.3,70,1.84,194,26.4,275,32.6,284
134,North Florida,ASun,77.2,132,+0.3,128,+0.3,138,+0.4,113,+0.3,126,-0.4,226,+0.7,116,0.76,352,38.3,36,62.2,78
135,Sacramento St.,BSky,77.2,133,-0.3,213,+0.4,126,-1.0,305,+0.1,151,-0.1,182,+1.9,32,1.85,192,22.7,325,44.0,214
136,Tulsa,Amer,77.2,134,-0.2,196,-0.5,221,+0.1,164,-0.6,251,-0.2,185,+2.3,19,2.16,109,30.0,200,38.8,244
137,UC San Diego,BW,77.2,135,-0.5,245,-0.7,252,-0.4,231,+0.1,151,+1.4,42,+0.7,117,1.58,253,26.7,268,56.4,116
138,Buffalo,MAC,77.2,136,+0.2,137,+0.1,154,+0.2,129,+0.1,151,+1.1,62,-0.4,230,2.52,29,25.7,289,62.7,77
139,Delaware,CAA,77.2,137,+0.5,105,+0.4,120,+0.6,91,-0.1,191,-0.3,216,+0.4,146,2.08,131,24.1,307,64.9,67
140,Little Rock,SB,77.2,138,-0.1,185,+0.1,161,-0.4,224,+0.1,151,+1.2,57,+0.1,180,1.76,215,41.8,11,36.5,259
141,Charleston,CAA,77.2,139,-0.2,205,-0.3,206,-0.2,207,+0.7,85,+0.3,142,+0.5,135,1.42,291,38.3,37,18.5,332
142,La Salle,A10,77.2,140,+0.7,78,+0.6,105,+0.8,68,+0.2,137,+0.4,127,-1.1,275,1.74,221,29.9,201,58.5,102
143,Monmouth,MAAC,77.1,141,+1.0,65,+1.4,39,+0.6,88,-0.3,219,-0.6,250,-0.1,192,2.73,9,23.6,314,53.7,139
144,LIU,NEC,77.1,142,+0.3,130,-0.3,203,+0.8,75,+0.9,71,-0.4,230,-0.1,189,2.15,115,22.0,332,60.9,87
145,St. Francis PA,NEC,77.1,143,+0.5,107,+0.8,78,+0.1,159,-0.3,220,+0.4,128,-0.2,199,1.82,197,37.7,44,73.8,30
146,Stetson,ASun,77.1,144,+0.1,142,+0.1,151,+0.2,158,-0.1,198,-0.6,252,+1.3,70,1.41,294,34.7,93,80.4,9
147,Texas Southern,SWAC,77.1,145,+0.5,110,-0.2,177,+1.1,54,+0.5,104,+1.0,73,-1.6,309,2.81,3,46.4,1,56.8,113
148,Kansas,B12,77.1,146,+0.2,138,-0.1,171,+0.4,108,+0.6,96,+0.2,155,-0.3,214,2.09,130,25.1,299,69.7,47
149,Alabama,SEC,77.1,147,+0.0,167,+0.6,99,-0.6,252,+0.2,134,-0.2,185,+0.7,115,1.65,239,29.6,213,44.8,211
150,NJIT,AE,77.1,148,+0.1,156,+0.0,168,+0.1,160,-0.5,241,+0.7,101,+0.3,156,2.39,58,30.9,171,50.5,166
151,Tennessee Tech,OVC,77.1,149,+0.8,73,+0.3,137,+1.3,41,+0.2,146,-0.8,268,-0.3,209,1.62,247,34.2,103,54.2,134
152,Prairie View A&M,SWAC,77.1,150,-0.7,267,-1.5,331,+0.2,134,+0.9,75,+0.2,152,+0.9,101,2.47,37,29.4,216,48.4,181
153,Louisiana,SB,77.1,151,+1.8,16,+1.8,25,+1.7,20,+0.0,178,-1.5,321,-1.4,300,1.23,318,42.5,8,31.2,294
154,Central Michigan,MAC,77.1,152,+0.8,69,+1.8,28,-0.1,193,+0.2,143,-0.5,231,-0.7,253,1.92,175,24.1,309,14.6,337
155,Duquesne,A10,77.1,153,-0.2,202,-0.7,242,+0.2,134,+0.5,106,+0.4,131,+0.2,176,0.68,354,32.2,146,22.4,327
156,Belmont,OVC,77.1,154,+0.1,144,+1.0,68,-0.8,267,+0.5,112,-0.1,180,+0.0,184,2.00,153,27.8,248,76.8,20
157,Colgate,Pat,77.1,155,+0.7,85,+1.3,48,+0.0,182,-0.0,183,-0.4,229,-0.2,204,2.45,41,24.0,310,80.0,11
158,Cornell,Ivy,77.1,156,-0.2,204,-0.3,208,-0.1,200,-0.5,250,-0.2,185,+1.7,43,1.81,204,45.5,4,0.0,0
159,Samford,SC,77.1,157,-0.1,179,+0.6,100,-0.8,272,+0.1,149,+0.5,126,+0.1,181,1.16,326,36.0,67,33.9,277
160,Jacksonville,ASun,77.0,158,+0.3,126,+0.0,166,+0.6,89,+0.2,141,-0.7,261,+0.2,174,1.59,251,32.9,135,32.4,287
161,Missouri St.,MVC,77.0,159,+0.3,121,+0.1,159,+0.6,87,-0.3,212,-0.4,227,+0.3,159,2.05,142,25.4,291,58.5,103
162,Chattanooga,SC,77.0,160,-0.6,253,-0.6,240,-0.5,246,+0.1,147,+1.0,68,+0.3,158,2.23,90,26.1,281,69.1,49
164,Cal Poly,BW,77.0,161,-0.5,235,-0.7,251,-0.3,217,+1.1,48,+1.6,32,-1.4,302,1.34,305,29.3,220,38.8,242
165,Wichita St.,Amer,77.0,162,-0.2,190,-0.2,190,-0.1,201,+0.4,120,-0.7,263,+0.9,105,1.32,311,32.0,150,61.9,83
166,Western Carolina,SC,77.0,163,-0.8,282,-0.9,266,-0.8,272,+0.1,148,+0.5,124,+1.3,86,2.08,132,32.2,147,17.3,333
167,Princeton,Ivy,77.0,164,-0.7,269,-1.0,280,-0.4,229,-0.9,290,+0.8,76,+1.7,45,2.39,56,20.0,346,0.0,0
168,Toledo,MAC,77.0,165,-0.8,284,-1.7,341,-0.0,188,-0.5,245,+0.8,76,+1.6,52,1.27,315,18.0,355,48.0,182
169,Wright St.,Horz,77.0,166,-0.2,191,-0.2,177,-0.2,205,+1.1,48,+0.1,158,-0.7,253,1.56,262,17.3,356,64.8,68
170,Air Force,MWC,77.0,167,-1.1,313,-0.3,207,-1.8,349,-0.2,208,+0.8,76,+1.7,46,1.04,342,30.1,195,35.4,266
171,Virginia,ACC,77.0,168,+1.4,32,+2.8,13,+0.1,175,-0.3,218,-0.0,167,-2.4,335,2.10,127,19.3,351,36.9,256
172,West Virginia,B12,77.0,169,+0.0,163,-0.1,176,+0.2,134,-0.9,285,-0.2,185,+1.1,91,2.29,81,34.2,104,48.0,183
173,Fairfield,MAAC,77.0,170,+0.0,162,+0.2,149,-0.1,196,-0.0,181,+0.8,76,-0.8,266,2.27,85,31.4,157,83.1,3
174,Denver,Sum,77.0,171,-0.2,189,-0.4,215,+0.1,169,-0.6,260,+0.0,165,+0.9,104,1.34,304,36.2,66,14.2,338
175,Butler,BE,77.0,172,-0.3,215,-0.4,219,-0.2,209,-0.2,204,-0.5,234,+1.3,70,1.95,173,33.0,134,63.7,72
176,UNC Wilmington,CAA,76.9,173,-1.2,324,-1.6,337,-0.8,272,+0.3,125,+0.5,123,+1.6,51,2.31,72,24.2,304,36.8,257
177,Florida A&M,SWAC,76.9,174,-0.3,210,-0.2,177,-0.4,236,-0.8,277,+0.4,134,+0.9,98,2.74,7,21.5,337,78.7,16
178,Bryant,NEC,76.9,175,-1.3,329,-1.3,308,-1.2,320,+0.1,151,+1.0,64,+1.3,68,2.51,30,26.9,267,62.0,80
179,Austin Peay,OVC,76.9,176,+0.5,102,+0.9,76,+0.2,134,-0.2,203,+0.2,153,-1.2,287,1.56,261,37.5,47,35.0,268
180,Detroit Mercy,Horz,76.9,177,+0.3,127,+0.3,136,+0.3,118,+0.2,142,-1.0,292,+0.1,182,2.67,14,31.0,168,47.9,184
181,Rhode Island,A10,76.9,178,+0.6,100,+0.5,114,+0.6,94,-0.6,257,-0.9,284,+0.3,159,1.53,272,34.6,95,62.8,76
182,Tennessee St.,OVC,76.9,179,-0.4,228,-1.1,287,+0.2,156,+0.6,103,-0.4,222,+0.5,132,2.55,24,28.6,234,22.9,326
183,Nicholls St.,Slnd,76.9,180,-0.0,169,+0.4,125,-0.4,237,-0.7,269,-0.2,185,+0.8,111,2.36,65,31.3,161,32.0,288
184,Southern Illinois,MVC,76.9,181,-0.5,240,-1.1,288,+0.0,180,+0.6,102,-0.3,213,+0.5,131,1.88,184,27.0,265,59.3,97
185,Oklahoma,B12,76.9,182,+0.4,120,+0.5,119,+0.3,121,-1.2,319,-0.3,214,+0.5,143,2.42,46,29.1,222,32.6,282
186,New Hampshire,AE,76.9,183,-0.8,273,-0.7,247,-0.8,288,-0.1,197,-0.0,170,+1.3,70,2.13,121,22.8,321,75.7,23
187,Cleveland St.,Horz,76.9,184,-1.0,308,-0.5,228,-1.5,337,-0.9,288,+0.8,76,+1.7,44,2.87,2,26.4,277,67.2,56
188,Indiana St.,MVC,76.8,185,-0.9,295,-1.1,289,-0.8,272,+0.2,138,+0.6,117,+0.6,121,1.08,337,31.0,167,24.5,319
189,Valparaiso,MVC,76.8,186,-0.5,238,-0.5,222,-0.6,247,-0.6,258,+0.2,148,+0.9,107,2.11,124,33.4,123,34.5,272
190,Kentucky,SEC,76.8,187,+0.5,106,-0.2,177,+1.1,50,+0.4,123,-0.1,171,-1.9,321,1.87,188,27.8,247,30.8,296
191,Louisville,ACC,76.8,188,+0.6,87,+0.7,98,+0.6,95,-0.2,205,-0.5,237,-1.1,284,2.17,107,42.0,10,28.7,304
192,Penn,Ivy,76.8,189,-1.1,319,-1.4,322,-0.8,272,-0.1,194,+0.5,118,+1.2,88,1.45,282,36.9,55,0.0,0
193,North Carolina A&T,BSth,76.8,190,-0.2,195,+0.4,129,-0.7,266,-0.1,190,-1.0,290,+0.7,112,2.23,89,37.1,52,39.6,232
194,Maine,AE,76.8,191,-0.2,194,+0.3,135,-0.7,258,-0.4,235,+0.7,103,-0.6,247,1.29,313,40.4,19,35.5,264
195,Texas,B12,76.8,192,-0.9,286,-1.0,279,-0.7,264,-0.4,227,-0.1,177,+1.5,55,2.67,12,31.1,166,37.1,254
196,Wagner,NEC,76.8,193,-1.0,304,-1.6,334,-0.4,235,+0.3,128,+1.3,49,-0.4,224,2.13,118,33.1,132,60.7,88
197,New Mexico,MWC,76.8,194,+0.6,99,+1.2,50,-0.1,197,-0.4,229,-1.2,301,-0.4,225,1.47,280,27.1,262,16.5,334
198,Georgia Southern,SB,76.8,195,-0.7,270,-1.4,318,-0.0,186,-0.3,217,+0.4,137,+0.5,141,2.54,25,40.4,20,66.0,62
199,Arizona St.,P12,76.8,196,+0.2,131,+0.1,150,+0.3,116,-0.6,256,-1.1,295,+0.3,159,1.74,220,33.2,128,22.9,325
200,Middle Tennessee,CUSA,76.8,197,-0.9,287,-1.2,303,-0.5,244,+0.5,105,-0.2,204,+0.6,126,1.43,286,35.0,86,33.5,278
201,South Carolina St.,MEAC,76.8,198,-0.0,168,-0.5,226,+0.5,102,+1.1,48,-0.1,183,-1.8,317,1.04,341,36.6,60,25.9,314
202,BYU,WCC,76.8,199,-1.1,312,-1.3,306,-0.8,272,+0.5,108,+0.1,157,+0.5,130,1.97,165,34.8,91,51.4,159
203,Loyola Chicago,MVC,76.8,200,-0.5,229,-1.1,291,+0.2,134,+0.9,79,-0.4,224,-0.5,239,2.53,26,32.6,137,69.5,48
205,Virginia Tech,ACC,76.8,201,+0.1,157,-0.2,177,+0.3,125,-0.6,255,-0.1,174,-0.4,226,2.16,108,22.0,333,60.2,91
206,SIU Edwardsville,OVC,76.8,202,-0.2,203,-0.7,245,+0.2,134,-0.1,199,-0.6,257,+0.3,159,1.17,323,27.6,251,53.8,138
207,Tennessee,SEC,76.8,203,+1.1,53,+1.4,34,+0.8,72,+0.3,132,-1.1,300,-2.4,336,1.39,298,33.9,113,46.4,202
208,Binghamton,AE,76.7,204,-0.5,239,-0.3,210,-0.7,259,-0.4,225,-0.2,185,+0.5,140,2.00,157,37.0,54,49.4,170
209,Montana St.,BSky,76.7,205,+0.2,139,-0.5,223,+0.8,73,+1.0,63,+1.4,46,-3.8,354,1.75,217,30.6,179,73.2,33
210,Louisiana Monroe,SB,76.7,206,-0.1,183,-0.8,262,+0.6,96,+0.5,114,-0.3,212,-1.1,276,1.87,187,26.1,282,57.8,108
211,Portland St.,BSky,76.7,207,-0.1,173,+0.8,86,-0.9,296,+0.1,151,-1.4,314,+0.3,159,2.13,120,35.6,69,38.1,249
212,Nebraska Omaha,Sum,76.7,208,-0.5,241,-0.9,268,-0.2,204,+0.1,151,-0.5,236,+0.3,159,1.82,199,36.9,56,32.5,285
213,Montana,BSky,76.7,209,-0.0,172,-0.2,177,+0.1,170,-1.2,320,-0.5,235,+0.5,128,1.75,219,29.6,211,68.2,52
214,Troy,SB,76.7,210,+0.6,91,+0.1,163,+1.1,51,+0.4,115,-0.3,207,-2.6,342,1.41,297,46.0,2,57.9,107
215,Wofford,SC,76.7,211,-0.4,222,-0.8,263,+0.1,177,-0.7,272,-0.2,185,+0.4,148,1.41,296,26.0,286,54.0,136
216,Miami FL,ACC,76.7,212,+0.3,123,+0.6,108,+0.1,161,-0.1,189,-0.5,243,-1.4,301,2.02,148,18.5,354,39.2,240
217,South Dakota St.,Sum,76.7,213,-0.8,281,-1.3,312,-0.3,221,-0.3,216,+0.1,160,+0.5,133,1.42,293,30.4,186,80.0,10
218,Tulane,Amer,76.7,214,-1.2,325,-1.0,281,-1.4,333,+0.1,151,+1.2,58,-0.1,190,0.73,353,28.2,238,63.8,71
219,American,Pat,76.7,215,+0.2,132,-0.2,177,+0.7,83,+0.1,171,-0.0,168,-1.9,320,1.64,244,30.2,192,54.8,127
220,Rice,CUSA,76.7,216,+0.1,159,+1.3,47,-1.2,318,-1.4,326,-0.5,240,+0.5,145,1.54,269,29.3,219,63.3,75
221,Lipscomb,ASun,76.7,217,-0.3,212,-0.6,230,-0.0,185,-1.9,341,-0.2,185,+1.3,69,1.07,340,33.6,118,54.4,132
222,Arkansas,SEC,76.7,218,-0.3,211,+0.2,145,-0.8,272,+1.1,60,+0.2,151,-2.1,326,2.32,71,23.7,313,31.9,290
223,Alabama St.,SWAC,76.7,219,-0.4,227,-1.2,294,+0.3,126,+0.6,92,-0.5,245,-0.6,249,1.11,334,37.2,51,39.9,230
224,Norfolk St.,MEAC,76.7,220,-0.7,266,-1.3,307,-0.0,187,+0.7,89,-1.2,301,+0.4,152,2.49,33,29.7,207,38.2,247
225,Southern Utah,BSky,76.7,221,-0.3,207,+0.0,165,-0.6,250,-0.4,236,-0.2,185,-0.3,215,2.78,5,29.7,208,82.6,5
226,Howard,MEAC,76.7,222,+0.2,135,+0.6,103,-0.2,213,-0.2,206,-0.1,181,-1.5,305,1.95,171,25.2,295,49.4,171
227,Loyola Marymount,WCC,76.7,223,-1.3,335,-1.8,348,-0.8,272,+0.6,97,-0.8,267,+1.3,70,2.23,93,27.7,250,55.5,121
228,Richmond,A10,76.7,224,+0.5,109,+0.6,109,+0.4,110,+1.5,32,-0.3,208,-3.7,352,2.65,18,26.5,272,79.0,14
229,UAB,CUSA,76.6,225,+0.4,115,+1.1,67,-0.2,212,-0.9,290,-0.3,220,-1.1,283,2.18,102,30.7,176,51.8,157
230,Northern Colorado,BSky,76.6,226,+0.2,134,-0.1,173,+0.5,98,-0.3,213,-0.8,266,-1.1,277,2.63,19,21.9,334,54.9,126
231,Murray St.,OVC,76.6,227,+0.1,160,+0.3,133,-0.2,215,-0.3,222,-0.9,283,-0.5,235,1.59,250,26.1,285,55.0,125
232,Alabama A&M,SWAC,76.6,228,-0.1,184,-0.4,217,+0.2,155,+0.6,101,-1.4,318,-0.6,245,1.72,229,27.3,258,72.6,35
233,Towson,CAA,76.6,229,-0.9,291,-0.9,267,-1.0,303,-0.7,264,+0.5,121,+0.4,153,2.37,64,29.6,210,45.1,208
234,Pacific,WCC,76.6,230,-1.0,309,-1.3,305,-0.8,272,+0.6,94,-0.1,173,-0.2,195,1.81,202,34.9,89,35.6,263
235,Drexel,CAA,76.6,231,-0.5,242,-0.3,201,-0.8,272,-0.2,207,-0.6,255,+0.2,179,2.32,69,35.9,68,55.8,119
236,Penn St.,B10,76.6,232,-0.3,208,-0.2,191,-0.4,230,-0.9,289,+0.4,133,-0.7,253,2.70,11,23.9,311,45.4,206
237,Southern Miss,CUSA,76.6,233,+0.6,86,+0.0,167,+1.2,46,+0.1,173,-2.5,352,-0.7,253,1.16,327,35.0,82,47.3,188
238,Robert Morris,Horz,76.6,234,+0.0,164,-0.2,193,+0.2,131,-0.2,211,-0.3,217,-1.4,298,2.07,136,30.2,191,26.6,313
239,Jacksonville St.,ASun,76.5,235,+0.5,101,+1.0,69,+0.1,171,-1.9,340,-0.9,279,-0.3,218,2.46,40,26.9,266,74.1,26
240,Siena,MAAC,76.5,236,-1.1,318,-0.7,250,-1.5,338,-0.7,263,+0.8,93,+0.0,183,2.07,137,27.4,255,29.4,301
241,North Dakota,Sum,76.5,237,-0.9,294,-0.2,177,-1.7,345,-0.9,290,-0.5,238,+1.3,70,1.48,278,36.5,62,36.5,258
242,Fordham,A10,76.5,238,+0.0,161,+0.1,162,+0.0,184,-0.5,249,-0.5,233,-1.2,288,2.00,155,27.0,264,26.9,312
243,East Tennessee St.,SC,76.5,239,+0.1,141,-0.2,177,+0.5,105,+0.1,151,-1.8,336,-0.7,253,1.59,249,22.2,331,49.4,169
244,Green Bay,Horz,76.5,240,-0.6,249,-1.2,294,+0.0,183,-0.7,270,-0.1,178,-0.2,205,0.52,356,35.5,74,37.6,251
246,San Diego,WCC,76.5,241,+0.0,165,+0.8,87,-0.8,269,-1.1,313,-0.2,185,-1.0,270,2.27,84,39.2,26,34.8,270
247,UT Arlington,SB,76.5,242,+0.0,166,+0.3,139,-0.3,216,-0.6,252,+0.1,163,-1.7,315,1.81,203,38.1,40,39.0,241
248,Iowa St.,B12,76.5,243,-0.3,206,-0.4,216,-0.1,202,-0.9,290,-0.1,176,-0.7,253,2.21,95,27.6,253,13.7,339
249,Eastern Illinois,OVC,76.5,244,-0.2,199,-0.3,209,-0.1,194,-0.6,261,-0.9,277,-0.3,219,1.39,299,39.2,27,24.4,320
250,Coppin St.,MEAC,76.5,245,-1.2,328,-1.6,332,-0.9,295,-0.9,287,-0.2,202,+1.3,70,1.13,330,37.3,49,27.2,310
251,Tennessee Martin,OVC,76.5,246,-0.5,232,-0.2,194,-0.7,260,-1.0,305,-0.3,206,-0.2,198,1.32,310,33.6,119,0.0,347
252,Brown,Ivy,76.5,247,-1.0,305,-0.7,246,-1.4,330,+0.1,151,+0.3,146,-0.7,253,1.74,223,34.5,99,0.0,0
253,Quinnipiac,MAAC,76.5,248,-0.8,274,-0.8,259,-0.8,268,+0.5,111,+0.3,147,-1.6,311,1.96,167,28.8,229,59.6,95
254,Yale,Ivy,76.5,249,-1.7,352,-1.7,342,-1.8,347,-0.0,184,+0.6,113,+0.4,150,1.97,166,33.9,111,0.0,0
255,UT Rio Grande Valley,WAC,76.5,250,-0.6,248,-0.7,241,-0.4,239,+0.7,91,-1.0,294,-1.0,272,1.95,170,30.1,196,27.2,311
256,Old Dominion,CUSA,76.4,251,-0.6,263,-1.5,324,+0.2,134,+0.3,130,-0.7,258,-0.9,268,1.84,193,22.8,322,47.2,193
257,Akron,MAC,76.4,252,+0.1,150,-0.0,169,+0.3,128,-0.8,276,-2.0,344,-0.1,188,1.17,321,26.1,283,54.5,130
258,Dixie St.,WAC,76.4,253,-0.4,219,-1.1,285,+0.3,123,+1.1,48,-0.9,280,-2.0,325,1.51,276,34.0,109,71.0,43
259,Ball St.,MAC,76.4,254,+0.1,151,-0.2,196,+0.5,101,-1.9,342,-1.2,311,+0.3,159,0.90,347,26.4,276,29.1,302
260,Appalachian St.,SB,76.4,255,-0.1,186,+0.2,146,-0.5,242,-1.2,318,-0.7,260,-0.5,232,2.46,38,21.1,342,83.6,1
261,Cal St. Fullerton,BW,76.4,256,-0.8,279,-1.5,323,-0.1,203,-1.1,314,-0.7,265,+0.8,108,2.35,66,27.2,260,52.1,153
262,Jackson St.,SWAC,76.4,257,-0.9,289,-1.6,335,-0.2,206,+0.2,135,-0.6,251,-0.5,238,2.23,88,33.5,120,52.9,143
263,UNLV,MWC,76.4,258,-0.6,260,+0.1,160,-1.3,326,-0.9,290,-0.3,209,-0.2,203,2.43,43,35.5,72,19.4,331
264,Clemson,ACC,76.4,259,+0.1,147,+0.3,134,-0.1,192,-1.2,316,-0.5,244,-1.3,290,1.95,172,34.9,87,49.1,174
265,Ohio,MAC,76.4,260,+0.1,149,-0.9,272,+1.2,46,+0.0,177,-2.2,346,-0.8,267,2.06,139,22.9,320,50.7,164
266,Navy,Pat,76.4,261,-1.5,345,-1.8,346,-1.3,323,-0.7,265,+0.5,119,+0.5,138,2.34,68,39.1,28,72.3,37
267,Long Beach St.,BW,76.4,262,-0.5,233,-0.2,197,-0.7,263,-0.1,192,-1.2,310,-0.6,243,1.74,222,29.0,223,37.2,253
268,Oakland,Horz,76.4,263,-1.3,333,-1.9,349,-0.7,265,+0.9,74,+0.6,114,-1.7,314,1.07,339,13.7,357,53.3,142
269,Purdue Fort Wayne,Horz,76.4,264,-0.2,197,-0.5,220,+0.1,172,-0.1,195,+0.8,76,-3.1,348,2.59,20,25.4,293,66.5,60
270,Drake,MVC,76.4,265,-0.6,255,-0.7,253,-0.5,241,+0.0,179,-0.7,264,-0.9,269,2.46,39,31.3,160,72.2,39
271,Illinois Chicago,Horz,76.4,266,-1.2,322,-1.5,325,-0.8,290,-0.2,202,-0.2,185,-0.2,193,2.15,117,32.3,142,28.6,305
272,Delaware St.,MEAC,76.4,267,+1.2,48,+3.2,7,-0.8,289,-2.5,353,-1.8,335,-1.0,271,1.42,289,38.7,33,59.9,94
273,Grand Canyon,WAC,76.4,268,+0.4,116,+0.2,143,+0.6,92,-0.8,281,-1.5,319,-1.5,304,2.28,82,32.3,141,42.5,222
274,Arkansas Pine Bluff,SWAC,76.4,269,-1.3,337,-1.1,290,-1.6,339,-0.9,286,+0.1,159,+0.5,139,2.15,114,36.5,64,23.1,324
275,Elon,CAA,76.4,270,-0.6,261,-0.6,232,-0.7,257,-0.2,209,-1.2,301,-0.3,213,1.98,163,34.6,96,60.7,89
276,IUPUI,Horz,76.4,271,-0.5,234,+0.8,79,-1.8,349,-0.5,244,-0.2,184,-1.4,293,1.65,237,31.5,155,41.0,227
277,Vermont,AE,76.3,272,-1.4,339,-1.6,338,-1.1,311,-0.6,253,-0.3,215,+0.6,122,2.80,4,33.3,126,72.2,40
278,Radford,BSth,76.3,273,-0.4,225,-0.9,269,+0.1,168,-1.2,317,-1.4,317,+0.3,159,2.20,100,41.1,13,45.8,204
279,Dartmouth,Ivy,76.3,274,-1.1,314,-1.3,314,-0.8,272,-0.8,274,-0.9,286,+0.6,123,2.43,45,31.2,162,0.0,0
280,Northern Illinois,MAC,76.3,275,-0.3,217,-0.7,256,+0.1,176,-1.1,312,-0.9,287,-0.5,240,2.31,74,30.8,174,60.9,86
281,Florida Gulf Coast,ASun,76.3,276,+0.8,74,+1.5,31,+0.1,178,-0.0,182,-0.8,273,-3.9,355,2.47,35,28.9,227,45.0,209
282,Florida Atlantic,CUSA,76.3,277,+0.5,108,+1.4,40,-0.4,234,-2.1,348,-1.7,333,-0.5,234,1.12,331,32.3,144,53.8,137
283,Charleston Southern,BSth,76.3,278,-0.7,268,-0.7,257,-0.6,251,-1.3,321,-0.9,278,+0.2,177,1.44,283,31.8,152,23.9,322
284,Houston Baptist,Slnd,76.3,279,-1.0,301,-1.0,274,-1.0,302,-0.7,262,-1.2,301,+0.4,147,1.79,206,29.0,224,39.3,238
285,UC Davis,BW,76.3,280,-1.1,316,-0.5,227,-1.7,343,-0.6,259,+0.7,102,-1.3,291,1.11,333,26.1,280,61.9,81
287,The Citadel,SC,76.3,281,-1.3,334,-1.0,283,-1.6,340,-0.1,193,-0.5,232,-0.3,208,1.89,182,22.4,330,58.2,104
288,Kent St.,MAC,76.3,282,-0.1,188,+0.7,95,-1.0,301,-1.4,325,-1.6,326,-0.2,197,1.89,179,27.9,245,55.0,124
289,Morgan St.,MEAC,76.3,283,-0.8,277,-0.3,199,-1.3,328,-1.1,310,-1.1,297,+0.3,159,2.67,13,38.9,30,58.7,101
290,Northern Iowa,MVC,76.2,284,-1.6,350,-1.8,347,-1.5,336,-0.8,282,+0.8,76,-0.2,200,1.43,285,27.3,257,78.8,15
291,Cal St. Northridge,BW,76.2,285,-1.2,326,-1.7,340,-0.8,272,-0.5,240,-1.1,299,+0.5,144,2.16,110,39.5,25,25.3,317
292,Massachusetts,A10,76.2,286,-0.1,176,-0.3,198,+0.1,165,-0.5,248,-1.7,331,-1.2,289,2.13,122,29.8,204,38.1,248
293,Cal St. Bakersfield,BW,76.2,287,-1.0,310,-1.4,321,-0.6,253,-0.4,228,+0.4,129,-1.6,308,1.81,200,40.6,17,49.6,168
294,UMass Lowell,AE,76.2,288,-1.0,302,-2.2,350,+0.2,134,+0.3,129,-0.6,256,-1.4,295,2.05,141,30.5,180,39.4,234
295,Evansville,MVC,76.2,289,-0.1,174,-1.0,278,+0.9,65,-1.0,304,-0.3,219,-2.3,330,2.13,123,34.8,90,61.1,84
296,Niagara,MAAC,76.2,290,-0.5,236,-0.7,248,-0.3,219,-1.6,331,-0.2,185,-1.0,274,2.40,53,27.6,252,46.8,195
297,St. Francis NY,NEC,76.2,291,-0.9,285,-1.2,302,-0.5,243,-0.1,196,-1.5,320,-0.5,231,2.34,67,30.4,185,32.7,281
298,Liberty,ASun,76.2,292,-0.7,264,-1.5,326,+0.2,134,+0.9,77,-0.2,201,-3.2,349,1.85,190,25.0,300,59.2,99
299,Hartford,AE,76.2,293,-0.9,296,-0.7,249,-1.2,319,-0.9,290,-0.6,248,-0.4,222,2.72,10,29.8,205,57.9,105
300,USC Upstate,BSth,76.2,294,-0.8,278,-1.2,294,-0.5,240,+0.2,139,+0.3,139,-2.7,344,1.82,198,30.0,199,46.7,196
301,Saint Peter's,MAAC,76.2,295,-0.6,251,-1.4,315,+0.2,134,-0.8,279,-0.8,269,-1.1,280,1.89,177,40.7,16,73.0,34
302,Incarnate Word,Slnd,76.2,296,-0.2,201,+0.5,112,-1.0,304,-1.9,343,-1.1,298,-0.5,237,1.56,259,30.6,178,46.1,203
303,Texas A&M,SEC,76.2,297,-0.8,276,-0.6,236,-0.9,300,-1.7,336,-1.2,301,+0.4,149,1.54,271,39.7,24,32.9,280
304,Saint Louis,A10,76.1,298,-0.9,290,-0.6,237,-1.2,315,-0.4,231,-0.8,272,-1.1,278,1.03,343,25.4,290,43.3,219
305,James Madison,CAA,76.1,299,-0.9,288,-1.6,333,-0.2,210,-0.7,267,-1.0,289,-0.7,253,1.42,287,35.5,73,56.4,117
306,Seattle,WAC,76.1,300,-0.4,226,-0.5,224,-0.4,225,+0.9,78,-1.8,334,-2.4,341,0.97,346,33.1,130,57.5,109
307,Fairleigh Dickinson,NEC,76.1,301,-1.0,297,-0.8,260,-1.1,313,-1.1,315,-0.7,262,-0.4,228,0.90,348,40.9,15,34.4,274
308,Holy Cross,Pat,76.1,302,-1.8,353,-2.5,354,-1.1,309,+0.1,151,+1.4,43,-2.1,327,1.16,325,32.5,138,44.6,212
309,Colorado St.,MWC,76.1,303,-0.8,283,-0.7,244,-1.0,307,-0.2,210,-1.6,323,-0.7,253,2.01,150,31.8,154,77.2,18
310,SMU,Amer,76.1,304,-1.3,330,-0.3,204,-2.2,356,-1.3,323,-0.2,185,-0.2,207,2.49,32,29.9,202,35.9,261
311,Bellarmine,ASun,76.1,305,-1.0,311,-1.1,284,-1.0,308,-1.6,334,-0.2,185,-0.4,229,2.42,47,22.5,329,71.0,42
312,UNC Greensboro,SC,76.1,306,-0.5,237,+0.4,122,-1.5,334,-0.9,290,-1.9,343,-0.4,227,2.50,31,34.5,100,43.0,220
313,Bethune Cookman,SWAC,76.1,307,-1.6,346,-1.3,310,-1.8,348,-0.5,247,-0.3,221,-0.4,221,2.10,129,33.5,122,0.0,0
314,New Orleans,Slnd,76.1,308,+0.7,83,+0.4,121,+0.9,67,-1.1,311,-1.8,337,-2.8,347,1.89,178,28.6,233,45.3,207
315,Louisiana Tech,CUSA,76.1,309,-1.3,336,-1.4,316,-1.3,322,-1.6,332,-0.2,185,-0.1,187,1.17,322,25.9,287,52.0,155
316,Marist,MAAC,76.0,310,-1.4,341,-1.7,339,-1.2,317,-1.0,307,-1.0,293,+0.3,159,1.99,161,40.2,22,63.7,73
317,FIU,CUSA,76.0,311,+0.1,158,+1.1,55,-1.0,306,-0.4,226,-0.3,218,-4.0,357,1.52,275,36.7,58,47.5,187
318,Gardner Webb,BSth,76.0,312,-0.8,275,-0.6,235,-0.9,299,-0.4,234,-0.9,285,-1.7,315,1.67,234,29.3,218,55.4,122
319,Eastern Kentucky,ASun,76.0,313,-0.5,246,-0.8,258,-0.3,220,-0.5,238,-1.9,340,-1.3,292,1.56,260,31.4,156,60.0,93
320,Winthrop,BSth,76.0,314,-0.5,231,-1.1,292,+0.2,134,-0.7,273,-0.8,275,-2.3,332,2.20,99,37.6,46,47.2,192
321,Southern,SWAC,76.0,315,-1.0,303,-1.6,336,-0.3,223,-0.5,239,-1.7,332,-0.7,251,2.17,106,31.0,169,37.3,252
322,Western Michigan,MAC,76.0,316,-0.0,170,-0.4,218,+0.3,115,-1.8,339,-1.6,328,-1.4,303,1.50,277,38.6,34,36.2,260
323,North Texas,CUSA,76.0,317,-0.6,257,-0.3,202,-0.9,297,-1.0,306,-1.6,327,-1.2,286,2.03,146,20.8,343,47.7,186
324,Alcorn St.,SWAC,75.9,318,-0.5,230,-1.2,294,+0.2,130,-0.3,215,-2.5,353,-1.4,296,1.83,195,40.3,21,24.8,318
325,Hofstra,CAA,75.9,319,-1.0,299,-0.6,229,-1.4,331,-1.9,343,-0.6,253,-0.7,250,2.29,80,28.0,242,31.6,292
326,Lamar,WAC,75.9,320,-0.6,250,-0.4,212,-0.8,271,-0.9,303,-1.9,342,-1.1,282,1.64,243,45.8,3,30.2,298
327,South Dakota,Sum,75.9,321,-1.2,321,-1.0,275,-1.4,329,-1.6,333,-0.7,259,-0.6,246,2.30,76,27.2,261,52.2,152
328,Stony Brook,AE,75.9,322,-1.5,344,-1.4,320,-1.6,342,-0.9,290,-0.5,241,-0.7,253,2.07,134,33.2,127,62.1,79
329,North Carolina Central,MEAC,75.9,323,-1.0,300,-0.6,231,-1.3,325,-2.3,352,-1.2,301,+0.2,178,2.40,52,33.7,116,13.4,340
330,Rider,MAAC,75.9,324,-1.1,317,-1.5,329,-0.7,256,-1.4,324,-1.2,301,-0.6,244,2.39,60,24.1,308,50.9,162
331,Georgia St.,SB,75.9,325,-0.3,218,+0.1,155,-0.8,270,-0.9,290,-1.4,313,-2.4,339,2.20,96,33.1,129,75.4,24
332,Kennesaw St.,ASun,75.9,326,-1.2,327,-1.3,311,-1.1,314,-0.9,290,+0.0,166,-2.0,323,1.99,159,31.8,153,73.8,29
333,Southeastern Louisiana,Slnd,75.9,327,-1.6,347,-2.3,353,-0.8,272,+0.2,144,-0.6,254,-1.9,319,2.13,119,28.5,236,48.4,179
334,Arkansas St.,SB,75.9,328,-0.6,256,-0.8,264,-0.4,232,-2.8,357,-1.2,301,-0.3,220,1.43,284,27.4,254,79.5,12
335,Youngstown St.,Horz,75.8,329,-1.1,320,-1.2,294,-1.1,312,-0.8,280,-0.9,276,-1.6,310,1.90,176,30.3,187,43.8,217
336,Stephen F. Austin,WAC,75.8,330,-1.0,307,-1.7,343,-0.4,227,-0.8,283,-1.6,329,-1.1,281,1.34,307,28.7,231,52.7,145
337,Northern Kentucky,Horz,75.8,331,-1.0,298,-1.0,277,-0.9,294,-0.5,246,-0.9,281,-2.4,337,1.67,233,28.2,239,66.0,61
338,UMKC,Sum,75.8,332,-1.7,351,-1.5,330,-1.8,349,-0.5,243,+0.4,135,-2.4,334,2.04,143,36.3,65,34.6,271
339,Northwestern St.,Slnd,75.8,333,-0.2,192,-0.6,239,+0.3,124,-0.2,201,-1.4,316,-3.9,356,1.14,328,42.9,6,52.5,147
340,Texas A&M Corpus Chris,Slnd,75.8,334,-1.2,323,-0.9,270,-1.5,335,-0.4,230,-1.7,330,-1.4,294,2.37,63,34.8,92,28.8,303
341,Kansas St.,B12,75.7,335,-0.1,178,+1.1,53,-1.3,324,-1.0,309,-1.6,324,-3.4,350,1.77,212,28.9,226,54.8,128
342,Maryland Eastern Shore,MEAC,75.7,336,-2.2,356,-2.7,356,-1.8,349,-1.3,322,-0.3,210,-0.2,201,2.17,105,37.8,41,0.0,0
343,Texas St.,SB,75.7,337,-0.5,243,-1.2,294,+0.1,167,-1.9,343,-0.6,249,-2.8,345,2.52,28,31.2,163,70.0,45
344,Chicago St.,WAC,75.7,338,-0.9,292,-0.6,233,-1.3,321,-1.5,328,-1.9,341,-1.1,279,1.55,263,35.2,77,6.1,344
345,Idaho,BSky,75.7,339,-1.6,348,-0.9,271,-2.2,357,-1.4,327,-1.5,322,-0.3,212,1.65,238,33.3,125,22.0,328
346,Oral Roberts,Sum,75.6,340,-1.3,338,-2.2,350,-0.5,245,-0.8,284,-2.3,350,-0.7,253,1.99,160,29.5,215,64.5,69
347,Tarleton St.,WAC,75.6,341,-2.3,357,-3.2,358,-1.4,332,-0.0,188,-0.5,246,-1.7,313,1.79,208,19.8,349,65.1,66
348,Merrimack,NEC,75.6,342,-1.0,306,-1.4,317,-0.7,254,+0.0,180,-2.5,354,-2.3,331,2.07,138,25.4,292,83.2,2
349,Longwood,BSth,75.6,343,-1.5,342,-2.2,350,-0.8,286,-1.7,337,-1.8,338,-0.5,233,2.06,140,35.0,81,55.8,120
350,Sam Houston St.,WAC,75.5,344,-0.7,271,-0.6,234,-0.8,287,-2.2,351,-1.2,301,-2.2,329,2.01,152,32.1,148,54.5,131
351,Campbell,BSth,75.5,345,-0.9,293,-1.0,282,-0.8,291,-1.0,308,-1.6,325,-2.7,343,2.66,16,21.7,336,82.7,4
352,Sacred Heart,NEC,75.5,346,-1.8,354,-2.7,357,-0.9,298,-1.9,343,-1.3,312,-0.6,242,1.96,168,28.6,232,76.0,21
353,Southeast Missouri St.,OVC,75.4,347,-1.4,340,-1.1,293,-1.7,344,-1.5,329,-1.4,315,-1.9,322,1.32,312,35.6,71,68.5,50
354,Army,Pat,75.4,348,-0.3,214,+0.1,158,-0.7,261,-2.5,354,-2.2,348,-2.4,340,1.53,273,29.5,214,48.6,177
355,High Point,BSth,75.4,349,-1.6,349,-1.3,309,-2.0,354,-1.7,335,-1.0,291,-2.0,324,1.59,252,25.2,296,52.7,144
356,Central Connecticut,NEC,75.3,350,-1.3,331,-1.8,345,-0.8,272,-1.8,338,-2.1,345,-1.7,312,1.16,324,36.6,61,46.5,198
357,VMI,SC,75.3,351,-0.1,182,+1.1,57,-1.3,327,-2.6,355,-2.8,356,-2.4,338,1.53,274,20.6,344,65.6,63
358,North Alabama,ASun,75.3,352,-0.6,259,-0.1,174,-1.2,316,-1.5,330,-2.6,355,-2.8,346,1.12,332,38.9,32,51.1,161
359,St. Thomas,Sum,75.2,353,-2.5,358,-2.6,355,-2.5,358,-1.9,343,-1.0,288,-0.7,253,2.66,15,30.4,184,0.0,0
360,Furman,SC,75.1,354,-1.5,343,-1.3,304,-1.7,346,-2.2,350,-2.3,349,-1.5,307,2.18,103,24.2,305,59.4,96
361,Miami OH,MAC,75.0,355,-0.8,280,-1.4,319,-0.2,214,-2.2,349,-2.4,351,-3.6,351,2.39,59,33.5,121,77.1,19
362,UMBC,AE,75.0,356,-0.6,258,-1.1,286,-0.2,211,-0.7,268,-0.2,203,-7.8,358,2.66,17,30.0,198,54.3,133
363,Mississippi Valley St.,SWAC,74.8,357,-1.3,332,-1.0,273,-1.6,341,-2.8,358,-3.0,357,-2.4,333,1.09,335,37.4,48,34.2,275
364,Abilene Christian,WAC,74.3,358,-1.9,355,-1.7,344,-2.1,355,-2.8,356,-3.2,358,-3.7,353,2.43,44,33.7,117,65.2,65
